School_ID,Short_Name,Year,Rating_Status,Graduation_Rate_School,School_Type,College_Enrollment_Rate_School,Dimension_1,Dimension_2
610163,STOCK,2016-2017,Good Standing,,Neighborhood,,-0.920225065962647,0.07543229624599355
610558,GOODE HS,2016-2017,Good Standing,,Citywide-Option,,1.019742945585599,0.3638954872592358
609750,SIMPSON HS,2016-2017,Provisional Support,21.4,Citywide-Option,,-3.1137598476586312,-3.3572643629390257
610123,PENN,2016-2017,Good Standing,,Neighborhood,,-0.9526726858825153,0.6817321242504347
610227,WHITNEY,2016-2017,Good Standing,,Neighborhood,,2.0237196974920857,-1.5558788702249833
610056,MASON,2016-2017,Provisional Support,,Small,,-0.9046539546831786,0.9216613974381379
609748,YORK HS,2016-2017,Good Standing,1.7,Citywide-Option,5.1,-4.6397059366854,-7.231017134159474
610030,KOZMINSKI,2016-2017,Intensive Support,,Neighborhood,,-1.2509093284089392,0.6424988969682728
610369,JACKSON M,2016-2017,Intensive Support,,Neighborhood,,-1.0236241482813018,0.8511583878999525
609828,BURR,2016-2017,Good Standing,,Neighborhood,,-0.29311532619928965,-0.08519228414411519
610563,BACK OF THE YARDS HS,2016-2017,Good Standing,,Neighborhood,,2.5344362938744838,-1.4967361428392538
610112,PARKER,2016-2017,Intensive Support,,Neighborhood,,-0.6827707619355412,1.1349012398411
609951,ARIEL,2016-2017,Good Standing,,Small,,-0.5630001634645392,1.2326009584490045
609869,LANGFORD,2016-2017,Intensive Support,,Neighborhood,,-1.2072102200847987,0.6450461279091585
610021,CASALS,2016-2017,Intensive Support,,Neighborhood,,-0.5037735992021063,0.15888798422547057
609930,FUNSTON,2016-2017,Provisional Support,,Neighborhood,,-0.16168772629195025,-0.41627892632078045
610520,LASALLE II,2016-2017,Good Standing,,Magnet,,-0.0072640041523907295,0.05744074863933871
610221,WEBSTER,2016-2017,Good Standing,,Neighborhood,,-1.0768492631639086,0.7709898733649725
609896,DRUMMOND,2016-2017,Good Standing,,Magnet,,-0.6515542470591134,0.0060488334602377125
610254,DVORAK,2016-2017,Intensive Support,,Neighborhood,,-0.9377986176730901,0.9253635985862183
609966,HAMMOND,2016-2017,Provisional Support,,Neighborhood,,-0.21046305645140445,-0.4548213879871532
610158,SAYRE,2016-2017,Provisional Support,,Neighborhood,,-0.5116045172620679,0.26631176389576333
610506,TEAM HS,2016-2017,Intensive Support,73.9,Small,50.7,-1.9223085068017864,-0.3197945997260617
610389,ORR HS,2016-2017,Intensive Support,39.0,Neighborhood,45.3,-2.38744510262431,-2.5343201757622804
610115,PARK MANOR,2016-2017,Good Standing,,Neighborhood,,-1.0180521882769737,0.7389886886699535
610135,PORTAGE PARK,2016-2017,Good Standing,,Neighborhood,,1.8153571466909773,-0.9071662556517591
609790,BARTON,2016-2017,Intensive Support,,Neighborhood,,-0.9304434970810365,0.9004733906146991
609912,FARNSWORTH,2016-2017,Good Standing,,Neighborhood,,0.7124147703635497,-0.27483055521020827
610193,NEW SULLIVAN,2016-2017,Provisional Support,,Neighborhood,,-0.4341163656312836,0.745658845884606
609792,BATEMAN,2016-2017,Good Standing,,Neighborhood,,2.0567649049691608,-1.205660620868378
610245,DOUGLASS HS,2016-2017,Intensive Support,56.3,Neighborhood,20.7,-3.258897853385912,-3.0991122274776814
610252,DETT,2016-2017,Intensive Support,,Neighborhood,,-1.1065843718465502,0.7288996596555083
609718,KENNEDY HS,2016-2017,Good Standing,68.8,Neighborhood,59.5,4.3753052084211745,-2.369780544167133
610390,RICKOVER MILITARY HS,2016-2017,Good Standing,87.6,Military academy,63.3,0.8435376079688064,0.3969502704001484
609799,BELL,2016-2017,Good Standing,,Regional gifted center,,1.420844313591352,-0.05109081029365814
609852,CHAPPELL,2016-2017,Good Standing,,Neighborhood,,0.3574048590702681,-0.36858719938342793
609826,CASTELLANOS,2016-2017,Provisional Support,,Neighborhood,,0.5112747138716635,-0.812066916085108
609786,AVALON PARK,2016-2017,Provisional Support,,Neighborhood,,-1.155324546431757,0.7699836042259506
609764,JUAREZ HS,2016-2017,Good Standing,80.9,Neighborhood,50.6,4.859907805878024,-2.919505136151998
609805,JOPLIN,2016-2017,Good Standing,,Neighborhood,,-0.7731969437311504,0.9667753615565386
609972,HAUGAN,2016-2017,Good Standing,,Neighborhood,,1.8201993697975063,-1.1194505065761833
609692,SIMEON HS,2016-2017,Good Standing,80.7,Career academy,63.2,1.8024278751395315,3.3535828503535043
610002,HOYNE,2016-2017,Good Standing,,Neighborhood,,-1.170911599458926,0.6436494388829199
610060,JACKSON A,2016-2017,Good Standing,,Magnet,,0.010265403677165746,0.30434784716733443
610180,SMYTH,2016-2017,Intensive Support,,Magnet,,-0.7482476266331917,1.0039012353845254
610215,MADERO,2016-2017,Good Standing,,Neighborhood,,-0.4177589905702922,-0.46112124176938835
609813,BROWNELL,2016-2017,Good Standing,,Neighborhood,,-1.2189629782834326,0.5724658136762435
610010,JAHN,2016-2017,Provisional Support,,Neighborhood,,-0.8192633179922104,-0.034134493823614054
609821,BURNHAM,2016-2017,Good Standing,,Neighborhood,,-0.4588177480273245,1.1603959390331176
609917,FERNWOOD,2016-2017,Good Standing,,Neighborhood,,-1.02432236937555,0.7655599417121406
610052,MANN,2016-2017,Intensive Support,,Neighborhood,,-1.0502903634742835,0.8277536686385414
609674,CHICAGO VOCATIONAL HS,2016-2017,Intensive Support,72.6,Career academy,34.4,-0.4815836150596025,0.2122798162082411
610086,MOUNT VERNON,2016-2017,Good Standing,,Neighborhood,,-1.1907962676953263,0.6180203074792134
609817,BUDLONG,2016-2017,Good Standing,,Neighborhood,,1.4621258661110135,-0.36220461377118285
610543,SOLORIO HS,2016-2017,Good Standing,80.5,Neighborhood,62.2,3.059922894244311,-1.3303680067409334
610005,HUGHES C,2016-2017,Good Standing,,Neighborhood,,-1.1317288409754083,0.62675646229664
609812,BROWN W,2016-2017,Intensive Support,,Neighborhood,,-1.2368762753308378,0.5837111143783195
609756,CURIE HS,2016-2017,Good Standing,76.0,Magnet,65.8,9.513992545052634,-2.947180778193734
609874,DIRKSEN,2016-2017,Good Standing,,Neighborhood,,2.257869994386419,-0.17672497473433854
609800,BENNETT,2016-2017,Good Standing,,Neighborhood,,-1.02927079541672,0.769137665919315
610367,DEPRIEST,2016-2017,Good Standing,,Neighborhood,,-0.38821628584547163,1.176869728252028
609806,BRADWELL,2016-2017,Intensive Support,,Neighborhood,,-0.6920984378230448,1.1214384467285243
610184,SPRY ES,2016-2017,Provisional Support,,Neighborhood,,0.22664798120745927,-0.7532074461696532
610157,SAWYER,2016-2017,Good Standing,,Neighborhood,,4.207721321007938,-2.5149485902426045
610178,SCHMID,2016-2017,Intensive Support,,Neighborhood,,-1.4145214505576182,0.5405051269005308
609735,TILDEN HS,2016-2017,Intensive Support,50.0,Neighborhood,31.7,-2.568013789521722,-2.9175513431609805
610173,SHERWOOD,2016-2017,Good Standing,,Neighborhood,,-0.9468052758934914,0.7820636998835165
610300,WESTCOTT,2016-2017,Provisional Support,,Neighborhood,,-0.9042657179803983,0.9970302554429047
609760,CARVER MILITARY HS,2016-2017,Good Standing,91.0,Military academy,45.7,-0.2115714461775255,0.12572687443786565
610159,SCAMMON,2016-2017,Good Standing,,Neighborhood,,1.1435374282034945,-1.0122590136392664
609901,EDGEBROOK,2016-2017,Good Standing,,Neighborhood,,-0.03055179227414661,0.059748026849120325
610195,SUTHERLAND,2016-2017,Good Standing,,Neighborhood,,-0.37161659750513204,0.8542522314717614
609929,FULTON,2016-2017,Intensive Support,,Neighborhood,,-0.7552316050391286,0.010170754925559126
610022,KILMER,2016-2017,Good Standing,,Neighborhood,,1.0809954963962525,-0.1629401697856135
610142,RAY,2016-2017,Good Standing,,Neighborhood,,0.12840873357238575,1.0151039471962997
610396,TARKINGTON,2016-2017,Good Standing,,Neighborhood,,1.7487206529000927,-0.8175446925554669
609740,WELLS HS,2016-2017,Provisional Support,62.9,Neighborhood,51.0,-1.2258812316083156,-1.022759122995942
610391,LINDBLOM HS,2016-2017,Good Standing,89.2,Selective enrollment,83.6,2.7000071299132435,3.8399381744866603
400176,CAMELOT - EXCEL SOUTHWEST HS,2016-2017,Good Standing,,Citywide-Option,27.3,-2.3027073713469712,-1.2378857418222518
610153,RYDER,2016-2017,Good Standing,,Neighborhood,,-0.79872495802569,0.9718977877241757
610111,PALMER,2016-2017,Good Standing,,Neighborhood,,1.6118959634544265,-0.5791472054010698
609997,HOLMES,2016-2017,Intensive Support,,Neighborhood,,-1.4766160872747591,0.45405342066070264
609924,FORT DEARBORN,2016-2017,Good Standing,,Neighborhood,,-0.8674257455879814,0.9218151875947384
610000,HOWE,2016-2017,Good Standing,,Neighborhood,,-0.5556454488624618,1.0816103950672047
609909,EVERETT,2016-2017,Good Standing,,Neighborhood,,-1.007800646206641,-0.15158222706672422
609956,GRIMES,2016-2017,Good Standing,,Neighborhood,,-0.0579864841593835,-0.5540587446363806
610518,AUSTIN CCA HS,2016-2017,Intensive Support,70.9,Small,40.0,-1.9970798747181415,-0.8755946337093868
610392,WORLD LANGUAGE HS,2016-2017,Good Standing,77.9,Small,57.8,-0.3695355272235715,-0.3931211114819278
610109,OWEN,2016-2017,Good Standing,,Magnet,,-1.1917864770925513,0.6356451343301349
609903,EDWARDS,2016-2017,Good Standing,,Neighborhood,,3.9671966186450014,-2.3405321916274775
610216,WALSH,2016-2017,Provisional Support,,Neighborhood,,-0.6072113442085437,-0.26767622785777145
610251,CATHER,2016-2017,Good Standing,,Neighborhood,,-0.8277112070765547,0.8749726604381964
610384,INFINITY HS,2016-2017,Good Standing,94.2,Small,58.5,0.3436270982832332,0.42324855273663975
609976,HAYT,2016-2017,Good Standing,,Neighborhood,,2.3892930288634866,-0.23814010574768468
610353,CALMECA,2016-2017,Good Standing,,Small,,1.2939784739792348,-1.1800455396462348
610170,COLUMBIA EXPLORERS,2016-2017,Good Standing,,Neighborhood,,2.315549354083491,-1.6631973430241698
609920,KANOON,2016-2017,Good Standing,,Neighborhood,,0.6527881344193545,-0.9298526687698073
610126,PERSHING,2016-2017,Good Standing,,Magnet,,-0.3832004872927306,1.2994064556689788
610070,MCPHERSON,2016-2017,Good Standing,,Neighborhood,,0.8904869383115815,-0.7507316226203091
610223,WENTWORTH,2016-2017,Provisional Support,,Neighborhood,,-0.7280649143524766,1.1067197153024637
609958,GUNSAULUS,2016-2017,Good Standing,,Magnet,,1.2786515891644425,-1.1098515668062816
609918,FIELD,2016-2017,Good Standing,,Neighborhood,,-1.1602412937606221,0.08144457153135216
609926,FRANKLIN,2016-2017,Good Standing,,Magnet,,-0.6458183749572991,0.3597929469390287
609857,CLEVELAND,2016-2017,Good Standing,,Neighborhood,,0.3794849033012051,-0.6107335653070076
610038,LINCOLN,2016-2017,Good Standing,,Neighborhood,,1.1510336601039148,0.288165016124675
610564,DISNEY II HS,2016-2017,Good Standing,,Magnet,,0.6850569551362701,-0.17937813734209912
610312,MCDOWELL,2016-2017,Good Standing,,Neighborhood,,-1.3799908971220856,0.43556847993808806
610530,SOUTH SHORE ES,2016-2017,Good Standing,,Small,,-0.802553899132735,0.9039696683616352
610004,CULLEN,2016-2017,Good Standing,,Neighborhood,,-1.2986197201282998,0.5092969800787291
610248,CHICAGO ACADEMY ES,2016-2017,Good Standing,,Small,,0.5248236284450638,-0.564279681960788
610386,PEACE AND EDUCATION HS,2016-2017,Good Standing,,Citywide-Option,27.0,-2.264860230270084,-1.5479681366232187
610244,CLARK HS,2016-2017,Good Standing,85.8,Magnet,54.1,-0.2818279247100814,1.4831450102200368
610047,MADISON,2016-2017,Provisional Support,,Neighborhood,,-1.2510030454311276,0.6384329685398674
610078,INTER-AMERICAN,2016-2017,Good Standing,,Magnet,,0.6386317903966818,-0.7905050472222748
609864,COOK,2016-2017,Provisional Support,,Neighborhood,,-0.9323338457466949,0.9253713962169607
610087,BLAIR,2016-2017,Good Standing,,Special Education,,-1.1390563094469137,-0.0422415083617451
609853,CHASE,2016-2017,Good Standing,,Neighborhood,,-0.15525275438425917,-0.5014309244262013
610203,TONTI,2016-2017,Good Standing,,Neighborhood,,2.153066112150821,-1.5717404659686072
609851,CHALMERS,2016-2017,Intensive Support,,Neighborhood,,-0.9612158736048853,0.8463187111564815
610282,MCNAIR,2016-2017,Intensive Support,,Neighborhood,,-0.8239402428047256,0.7171217175856606
610293,MELODY,2016-2017,Provisional Support,,Neighborhood,,-0.6878655909380685,1.1450608366685089
610044,LOWELL,2016-2017,Good Standing,,Neighborhood,,-0.1840330819325648,-0.27300813951071734
610357,SPRY HS,2016-2017,Good Standing,91.2,Neighborhood,47.2,-1.2407437384084774,0.10177695638447547
610291,LEE,2016-2017,Good Standing,,Neighborhood,,1.557566496803123,-1.29803129149946
609722,MANLEY HS,2016-2017,Intensive Support,57.9,Neighborhood,35.9,-2.719399923500924,-2.1035316372028796
609983,HEDGES,2016-2017,Provisional Support,,Neighborhood,,0.7170110651976074,-0.9434181752823994
609715,KELLY HS,2016-2017,Good Standing,77.8,Neighborhood,55.1,6.292379991533514,-2.6560695777755448
609949,GRAY,2016-2017,Good Standing,,Neighborhood,,2.646926987523214,-1.5700870429445661
609895,TURNER-DREW,2016-2017,Good Standing,,Magnet,,-1.2025366234734949,0.6675870872612155
610083,BEARD,2016-2017,Good Standing,,Special Education,,-1.0723393403423738,0.00583104894657523
610340,CHICAGO ACADEMY HS,2016-2017,Good Standing,85.4,Small,80.4,1.2580813062880172,1.4080818988280908
610012,JENNER,2016-2017,Intensive Support,,Neighborhood,,-1.2701981319802702,0.6345234933356827
609990,SOUTH LOOP,2016-2017,Good Standing,,Regional gifted center,,0.38054632872335814,0.8567100478314212
609941,RANDOLPH,2016-2017,Provisional Support,,Magnet,,-0.5743552646598553,1.0644833087532206
610066,MCDADE,2016-2017,Good Standing,,Classical,,-1.3981337518369212,0.5416418381260522
610122,PEIRCE,2016-2017,Good Standing,,Neighborhood,,1.7582822622718888,-0.46711598503994933
609870,CORKERY,2016-2017,Good Standing,,Neighborhood,,0.09852132633794963,-0.4234763756212225
610226,SANDOVAL,2016-2017,Good Standing,,Neighborhood,,1.8356052048025908,-1.451904885967725
609865,JORDAN,2016-2017,Provisional Support,,Neighborhood,,-0.10767472711244691,-0.07641848330872295
610533,PRIETO,2016-2017,Good Standing,,Neighborhood,,2.015903664910721,-1.4728963695023298
610019,KERSHAW,2016-2017,Good Standing,,Magnet,,-1.1145467260723594,0.6704964660904273
609986,HENDERSON,2016-2017,Intensive Support,,Neighborhood,,-1.1681465518408303,0.5875159913932215
610100,WEST PARK,2016-2017,Good Standing,,Neighborhood,,0.3202206469086651,-0.34749130153267294
610541,LORCA,2016-2017,Good Standing,,Neighborhood,,1.46341022401079,-1.2226543989827574
609859,CLINTON,2016-2017,Good Standing,,Neighborhood,,3.86176886227939,-0.13042451369793143
610394,UPLIFT HS,2016-2017,Good Standing,74.3,Small,65.4,-0.8678063830616977,0.696948855784133
609695,AMUNDSEN HS,2016-2017,Good Standing,82.8,Neighborhood,54.4,3.1174666722226734,-0.748672001598851
610128,GARVEY,2016-2017,Good Standing,,Neighborhood,,-1.1617577731570705,0.6397758123010222
610269,MCCUTCHEON,2016-2017,Good Standing,,Neighborhood,,-0.4285330657112784,0.31157602518870764
610065,TILL,2016-2017,Intensive Support,,Neighborhood,,-1.0273344688722883,0.8511785339260062
610063,MCCORMICK,2016-2017,Good Standing,,Neighborhood,,0.9660051518329236,-1.0928365914368015
609894,DRAKE,2016-2017,Intensive Support,,Neighborhood,,-1.0457639566222663,0.8011638421839785
610133,WARD L,2016-2017,Good Standing,,Neighborhood,,-0.5905836426884413,0.9875650057880945
610287,ASHBURN,2016-2017,Good Standing,,Small,,-0.5082846101823888,1.004310782415278
609755,YOUNG HS,2016-2017,Good Standing,96.2,Selective enrollment,85.2,6.8985712974605615,2.8940368440153996
609977,WOODLAWN,2016-2017,Good Standing,,Small,,-1.24237630583868,0.5813179320099768
610107,OTIS,2016-2017,Good Standing,,Neighborhood,,-0.16955454772776352,-0.20088012082085607
400022,CHIARTS HS,2016-2017,Good Standing,81.1,Contract,79.6,0.8408437691675074,1.7612304151602967
610299,KING ES,2016-2017,Provisional Support,,Neighborhood,,-1.2728046577804848,0.6706161565335127
610143,REAVIS,2016-2017,Provisional Support,,Neighborhood,,-1.2291197903799536,0.6993546106324509
609861,CLISSOLD,2016-2017,Good Standing,,Neighborhood,,-0.47798980579333833,0.7918322100326146
610284,NEW FIELD,2016-2017,Good Standing,,Neighborhood,,0.7132411018206075,0.02888993853158785
610016,KELLOGG,2016-2017,Good Standing,,Neighborhood,,-1.2407178988819763,0.6062047011464298
610105,ORIOLE PARK,2016-2017,Good Standing,,Neighborhood,,0.9461178541598134,-0.08739219574054706
610342,SABIN,2016-2017,Good Standing,,Magnet,,0.28920540946120155,-0.3193649078543937
610345,WOODSON,2016-2017,Intensive Support,,Neighborhood,,-1.0680720109003607,0.7578829417262061
610104,ONAHAN,2016-2017,Good Standing,,Neighborhood,,0.576468882522197,-0.20553263206481043
609730,SENN HS,2016-2017,Good Standing,81.3,Neighborhood,59.4,3.9160505342570606,0.14359765706827485
609751,KING HS,2016-2017,Good Standing,89.4,Selective enrollment,82.1,0.7612457666747192,3.38430800734832
610082,MOUNT GREENWOOD,2016-2017,Good Standing,,Neighborhood,,2.066271607709109,-0.10330859128647528
610230,WILDWOOD,2016-2017,Good Standing,,Magnet,,-0.08555942496972799,0.04544902118945776
610043,LOVETT,2016-2017,Good Standing,,Neighborhood,,-0.788904004981867,0.7452809705525065
609798,BELDING,2016-2017,Good Standing,,Neighborhood,,0.39156022765444953,-0.29154810916636
609759,CLEMENTE HS,2016-2017,Provisional Support,83.5,Neighborhood,43.3,0.47522203444731637,-0.767407442957004
610199,COLEMON,2016-2017,Good Standing,,Neighborhood,,-1.142691281104813,0.6132599807952015
610565,CAMELOT - EXCEL ENGLEWOOD HS,2016-2017,Good Standing,,Citywide-Option,7.8,-2.739166547599308,-2.165638377503304
609973,ZAPATA,2016-2017,Good Standing,,Neighborhood,,1.1924421562181242,-1.1986200643537566
610234,YATES,2016-2017,Good Standing,,Neighborhood,,-0.22283521747216817,-0.2904445529279031
610188,DUNNE,2016-2017,Good Standing,,Neighborhood,,-1.1755947926653636,0.6773076468957112
610192,STOWE,2016-2017,Provisional Support,,Neighborhood,,0.6868758954554788,-0.7940958237368437
609967,FINKL,2016-2017,Provisional Support,,Neighborhood,,-0.5359091090375587,-0.245174767403688
609761,CORLISS HS,2016-2017,Intensive Support,62.6,Neighborhood,34.4,-2.1837204733846662,-1.5083633359171764
609789,BARRY,2016-2017,Good Standing,,Neighborhood,,0.9311931101861705,-1.0004367386836377
610185,STEVENSON,2016-2017,Good Standing,,Neighborhood,,2.8414139541637935,-1.663098230435647
610515,DISNEY II ES,2016-2017,Good Standing,,Magnet,,-0.4081614324031,-0.03194260856296903
609880,DECATUR,2016-2017,Good Standing,,Classical,,-0.6685803231687286,0.1457474288551075
609727,PHILLIPS HS,2016-2017,Intensive Support,57.9,Neighborhood,55.4,-0.7853618891669392,0.0839209734052766
609845,CARVER G,2016-2017,Intensive Support,,Neighborhood,,-0.6904136513195631,1.139491178326416
609783,JEFFERSON HS,2016-2017,Good Standing,1.3,Citywide-Option,,-3.050201245511406,-4.329344846652405
610152,RUGGLES,2016-2017,Good Standing,,Neighborhood,,-0.7340481378972965,0.9790868948904659
609995,HITCH,2016-2017,Good Standing,,Neighborhood,,0.42286799520745644,-0.31624174005480915
609952,GREENE,2016-2017,Provisional Support,,Neighborhood,,0.07588273099701867,-0.59560841054383
610103,OKEEFFE,2016-2017,Intensive Support,,Neighborhood,,-0.2701260485310307,1.444482209826732
609862,COLES,2016-2017,Good Standing,,Neighborhood,,-0.7100883261704123,1.0124506770548911
609678,JONES HS,2016-2017,Good Standing,91.8,Selective enrollment,87.3,5.900388934598999,2.3954655143109895
610131,PLAMONDON,2016-2017,Provisional Support,,Neighborhood,,-1.3581062168063476,0.09461538959477118
609682,RICHARDS HS,2016-2017,Intensive Support,71.7,Neighborhood,47.4,-1.5967441897150676,-0.878440222256234
610250,SALAZAR,2016-2017,Good Standing,,Small,,-0.6251071439949515,0.011255373586198925
610354,NORTH RIVER,2016-2017,Good Standing,,Small,,-0.5227370568121514,-0.35437348821913073
609856,CLAY,2016-2017,Good Standing,,Neighborhood,,0.46086376006803,-0.548535999980484
610033,LASALLE,2016-2017,Good Standing,,Magnet,,-0.10164878775587628,0.34401352717771594
610347,CLAREMONT,2016-2017,Good Standing,,Neighborhood,,-0.6000409149063176,0.7388151723919629
609774,ALCOTT ES,2016-2017,Good Standing,,Neighborhood,,0.27735468901073396,0.10162250510715014
609793,NICHOLSON,2016-2017,Provisional Support,,Neighborhood,,-0.6896737870771049,1.0733631686951364
609899,EBINGER,2016-2017,Good Standing,,Neighborhood,,1.1096961997657953,-0.04412448894790033
610249,TALMAN,2016-2017,Good Standing,,Neighborhood,,-0.1429588263043367,-0.5713669159745179
610197,TALCOTT,2016-2017,Good Standing,,Neighborhood,,0.04496169874218728,-0.49894370789326725
609867,COOPER,2016-2017,Good Standing,,Neighborhood,,0.008570839086790447,-0.627516089179055
610095,NEWBERRY,2016-2017,Good Standing,,Magnet,,-0.08670524882020074,0.4773092590509794
609777,ARMOUR,2016-2017,Good Standing,,Neighborhood,,-0.6904445077323127,-0.20789158810092878
610037,LIBBY,2016-2017,Provisional Support,,Neighborhood,,-0.8474802104724592,0.49767217402451974
610179,SMYSER,2016-2017,Good Standing,,Neighborhood,,1.9420885842401567,-0.9034379129186207
609879,DAWES,2016-2017,Good Standing,,Neighborhood,,1.8653662620049323,-1.0083742681460521
610308,RUDOLPH,2016-2017,Good Standing,,Special Education,,-1.4252229826453464,0.13064117507202494
609754,CHICAGO MILITARY HS,2016-2017,Good Standing,85.4,Military academy,44.8,-1.0165884038241857,0.06959328663722035
609935,GALLISTEL,2016-2017,Good Standing,,Magnet,,1.2398292908671136,-1.1343238860249238
610117,PASTEUR,2016-2017,Good Standing,,Neighborhood,,0.8883868996962859,-1.0291654511700647
609866,COONLEY,2016-2017,Good Standing,,Regional gifted center,,1.5544527507783943,-0.20443206365704272
609803,BLAINE,2016-2017,Good Standing,,Neighborhood,,1.2020847923611107,-0.08641095081237042
610207,VANDERPOEL,2016-2017,Good Standing,,Magnet,,-1.1705592945468812,0.7450377777195246
609996,HOLDEN,2016-2017,Good Standing,,Neighborhood,,0.33913478620290355,-0.2971009040978235
609955,GRESHAM,2016-2017,Intensive Support,,Neighborhood,,-1.09323752846169,0.7815497542103066
610256,ROBINSON,2016-2017,Intensive Support,,Neighborhood,,-1.5974579083692122,0.39488872063818736
610257,MORTON,2016-2017,Intensive Support,,Neighborhood,,-1.084070913035919,0.6866715895041272
609863,COLUMBUS,2016-2017,Good Standing,,Neighborhood,,-0.5782284563319399,-0.008602426848867355
609780,MARINE LEADERSHIP AT AMES HS,2016-2017,Good Standing,,Military academy,46.2,1.341672491170483,-1.7487147927376196
610581,MAGIC JOHNSON - BRAINERD HS,2016-2017,Provisional Support,,Citywide-Option,,-1.4764691552817306,0.4664144377581674
610290,MAYS,2016-2017,Intensive Support,,Neighborhood,,-0.9610097787147807,0.8965280503747609
610093,NEIL,2016-2017,Intensive Support,,Neighborhood,,-1.2502935363666596,0.6726905479077723
610006,HURLEY,2016-2017,Good Standing,,Neighborhood,,1.3740659646473183,-1.259011411063906
609902,METCALFE,2016-2017,Provisional Support,,Neighborhood,,-0.9381812501147069,0.9173229400286653
609745,SOUTHSIDE HS,2016-2017,Good Standing,,Special Education,2.1,-2.6369019594054834,-2.667272643398582
610141,RAVENSWOOD,2016-2017,Good Standing,,Neighborhood,,0.08502016905252141,-0.11112970484034933
609791,BASS,2016-2017,Provisional Support,,Neighborhood,,-0.774707506799966,1.0426764099770067
609872,PEREZ,2016-2017,Good Standing,,Neighborhood,,-0.6063534536824243,-0.3651649215497171
609947,GRAHAM ES,2016-2017,Good Standing,,Neighborhood,,-0.22442583618336231,-0.05135264225189902
609830,BRUNSON,2016-2017,Provisional Support,,Neighborhood,,-0.60945719818221,0.9803618770708222
609961,NINOS HEROES,2016-2017,Intensive Support,,Neighborhood,,-0.9261823144230286,0.7229223052793501
610368,HUGHES L,2016-2017,Intensive Support,,Neighborhood,,-0.7678576082535957,1.0405544622261778
610147,ROGERS,2016-2017,Good Standing,,Neighborhood,,1.3605897781167917,-0.08484408913086976
609900,CURTIS,2016-2017,Intensive Support,,Neighborhood,,-0.6076517560245318,1.0699959238594658
610339,STAGG,2016-2017,Intensive Support,,Neighborhood,,-0.8679991441138775,0.9755932462201029
609734,TAFT HS,2016-2017,Good Standing,85.2,Neighborhood,63.0,11.365153471681465,-1.4546484682657912
610362,EVERS,2016-2017,Good Standing,,Neighborhood,,-1.1044352265534698,0.705992939377884
610524,ALCOTT HS,2016-2017,Good Standing,87.1,Small,59.6,-0.29429175990596634,0.49595307450484905
609833,CALDWELL,2016-2017,Good Standing,,Neighborhood,,-1.1335940489529912,0.678366598611494
609908,ESMOND,2016-2017,Good Standing,,Neighborhood,,-1.0650885261370493,0.7040977623988446
609708,FOREMAN HS,2016-2017,Intensive Support,65.2,Neighborhood,44.6,0.34012208115928794,-2.067278649287665
609910,FALCONER,2016-2017,Good Standing,,Neighborhood,,2.698563136377431,-1.7227532135989176
609836,CANTY,2016-2017,Good Standing,,Neighborhood,,1.4366074834615148,-0.4873015781471997
610059,MAYER,2016-2017,Good Standing,,Magnet,,0.6994324685004529,0.10456547036371207
400137,LITTLE BLACK PEARL HS,2016-2017,Good Standing,,Charter,66.7,-1.0897570776219014,1.048196142356081
609891,DOOLITTLE,2016-2017,Intensive Support,,Neighborhood,,-1.2041336363014572,0.7028847802412254
609987,HENDRICKS,2016-2017,Good Standing,,Neighborhood,,-1.1476242942289905,0.5807757274907566
609969,HARTE,2016-2017,Good Standing,,Neighborhood,,-0.9883074062576991,0.6957175198423258
610102,OGLESBY,2016-2017,Intensive Support,,Neighborhood,,-0.7018772227608006,1.162900227774829
610077,MORRILL,2016-2017,Good Standing,,Neighborhood,,0.45754065433869184,-0.15859711806928262
609782,AUDUBON,2016-2017,Good Standing,,Neighborhood,,0.15903529577092773,-0.06379001197315891
610177,SKINNER,2016-2017,Good Standing,,Classical,,1.60807555136444,0.8562155364270387
610136,PRESCOTT,2016-2017,Good Standing,,Neighborhood,,-0.3248883419536983,0.04573413621319655
610194,SUMNER,2016-2017,Good Standing,,Neighborhood,,-1.106525566380594,0.7166055847282533
609968,MCAULIFFE,2016-2017,Provisional Support,,Neighborhood,,0.8995755776997382,-0.9621407148616158
610110,WELLS ES,2016-2017,Good Standing,,Small,,-0.7892269607649324,0.8471481879803877
609726,BROOKS HS,2016-2017,Good Standing,93.4,Selective enrollment,85.1,1.8447983871416171,3.9927332952021843
609709,GAGE PARK HS,2016-2017,Intensive Support,68.7,Neighborhood,21.8,-2.088640093163218,-2.5812720864199945
609804,BOONE,2016-2017,Good Standing,,Neighborhood,,1.8500032209160746,-0.38538237782419177
609904,ELLINGTON,2016-2017,Good Standing,,Neighborhood,,-0.5221476319130789,1.1165941633686132
610499,COLLINS HS,2016-2017,Intensive Support,58.9,Small,41.2,-2.1501369723344133,-1.4547290722100117
609928,FULLER,2016-2017,Intensive Support,,Neighborhood,,-0.9812529459476775,0.8857917127219644
609994,HIBBARD,2016-2017,Good Standing,,Neighborhood,,2.042111685281004,-1.151670228496612
609716,KELVYN PARK HS,2016-2017,Intensive Support,69.8,Neighborhood,36.2,-1.0271616460548405,-2.2457837977797066
609796,BEAUBIEN,2016-2017,Good Standing,,Regional gifted center,,2.4464854893413457,-0.4985265751962794
609797,BEIDLER,2016-2017,Provisional Support,,Neighborhood,,-0.7934491967607062,1.0514137402664088
609788,BARNARD,2016-2017,Good Standing,,Neighborhood,,-1.0305005991259621,0.7844209793023665
609746,KENWOOD HS,2016-2017,Good Standing,84.6,Neighborhood,78.3,3.0807312038634165,4.848516830501894
610355,COURTENAY,2016-2017,Good Standing,,Small,,-0.4830824197689442,0.3058789511442567
610127,PETERSON,2016-2017,Good Standing,,Neighborhood,,2.0262447384934226,-0.3450660139692177
609704,FARRAGUT HS,2016-2017,Intensive Support,65.3,Neighborhood,37.8,0.01307120893535288,-2.8274751602014043
610201,THORP O,2016-2017,Good Standing,,Magnet,,1.1166919849383727,-0.38007475015173436
609839,CARROLL,2016-2017,Good Standing,,Neighborhood,,-0.7613877731946017,0.9701304212560066
610148,CHAVEZ,2016-2017,Good Standing,,Neighborhood,,1.9237981558682267,-1.4413542395904568
610274,JOHNSON,2016-2017,Intensive Support,,Neighborhood,,-0.8455902504070234,0.9416394903967807
609779,ARMSTRONG G,2016-2017,Good Standing,,Neighborhood,,3.884455689449111,-0.12301833968668986
609964,HAMLINE,2016-2017,Intensive Support,,Neighborhood,,0.14188969070994367,-0.6376570757164862
610132,POE,2016-2017,Good Standing,,Classical,,-1.343686201879462,0.546944477772417
609981,HEARST,2016-2017,Good Standing,,Neighborhood,,-0.5576220943207646,0.04008488277077453
610405,SUDER,2016-2017,Good Standing,,Magnet,,-0.6473838802799838,0.5391494318211446
609978,SMITH,2016-2017,Intensive Support,,Neighborhood,,-1.0056960320307868,0.8805707568197493
400147,CAMELOT - EXCEL HS,2016-2017,Provisional Support,,Citywide-Option,7.5,-2.7081137742784933,-2.059145226842469
609884,DEVER,2016-2017,Good Standing,,Neighborhood,,1.1416125406134596,-0.5359284466053621
610054,MARSH,2016-2017,Good Standing,,Neighborhood,,1.005256049044042,-0.9430098834584061
609927,FOSTER PARK,2016-2017,Good Standing,,Neighborhood,,-0.8900464715392689,0.8376298151851124
610200,THORP J,2016-2017,Intensive Support,,Neighborhood,,-0.9834718449653042,0.5277752119504816
609876,DAVIS N,2016-2017,Good Standing,,Neighborhood,,1.0786135474809453,-1.0676352729453236
609815,BOUCHET,2016-2017,Good Standing,,Neighborhood,,-0.2635888906116499,1.3836261416638787
609713,HYDE PARK HS,2016-2017,Intensive Support,53.6,Neighborhood,47.7,-0.6118597426074759,-0.17507833597264671
610009,GALILEO,2016-2017,Good Standing,,Magnet,,0.03549652861492793,-0.12904271819538393
610032,GREEN,2016-2017,Good Standing,,Neighborhood,,-0.8839490799055066,0.870791232125495
610542,WEST RIDGE,2016-2017,Good Standing,,Neighborhood,,2.103947802717075,-0.1356182123366362
609834,LITTLE VILLAGE,2016-2017,Good Standing,,Neighborhood,,1.2696000430209307,-1.221465542131708
610212,ALBANY PARK,2016-2017,Good Standing,,Neighborhood,,-0.5605447056321248,-0.24586548230382493
609975,HAY,2016-2017,Good Standing,,Neighborhood,,-0.7578727936603568,0.749818141173001
609723,MARSHALL HS,2016-2017,Intensive Support,57.7,Neighborhood,43.8,-1.8822271250471607,-1.2017508607183653
609707,ROBESON HS,2016-2017,Intensive Support,39.4,Neighborhood,46.4,-2.785282648883576,-2.58961410107048
609985,HEFFERAN,2016-2017,Good Standing,,Neighborhood,,-0.9058945665966035,0.8449084670810422
610081,SHERIDAN,2016-2017,Good Standing,,Magnet,,0.5191237013417486,0.21039779148134335
610206,TWAIN,2016-2017,Good Standing,,Neighborhood,,2.5367901982900927,-1.5169169353748664
610116,PARKSIDE,2016-2017,Provisional Support,,Neighborhood,,-1.2668349518229987,0.6509187991598926
609875,DARWIN,2016-2017,Good Standing,,Neighborhood,,0.1298565764109914,-0.5432539235210111
610229,PRITZKER,2016-2017,Good Standing,,Regional gifted center,,0.48621817668106615,0.17197107637204884
609921,TELPOCHCALLI,2016-2017,Good Standing,,Neighborhood,,-0.6839298199188819,-0.32472590577001786
610305,LELAND,2016-2017,Good Standing,,Neighborhood,,-0.7438102202613655,0.9767368288711751
609979,HEALY,2016-2017,Good Standing,,Neighborhood,,6.000511547580612,-0.21467706732972108
609807,HAMPTON,2016-2017,Good Standing,,Neighborhood,,-0.05499341513530827,0.11374630061141185
609950,ORTIZ DE DOMINGUEZ,2016-2017,Good Standing,,Neighborhood,,0.21880638033741678,-0.7631553828087095
610363,DISNEY,2016-2017,Good Standing,,Magnet,,3.098882164918258,1.023836205200167
609991,HERZL,2016-2017,Intensive Support,,Neighborhood,,-0.4530757417259174,1.239554152779539
609820,BURLEY,2016-2017,Good Standing,,Neighborhood,,0.03705493622758407,0.0031401610679674483
610228,WHITTIER,2016-2017,Provisional Support,,Neighborhood,,-0.9505079888985648,-0.23208606132552664
609959,HAINES,2016-2017,Good Standing,,Neighborhood,,2.127417857810803,0.4382529829709449
609769,GRAHAM HS,2016-2017,Good Standing,,Special Education,3.7,-3.0028054127276036,-2.7751313426229025
610090,MURRAY,2016-2017,Good Standing,,Magnet,,-0.6710362039621907,1.1494131538257206
609907,ERICSON,2016-2017,Good Standing,,Magnet,,-0.6115306979216016,1.0647854637283083
610319,EVERGREEN,2016-2017,Good Standing,,Neighborhood,,-0.4864304008445332,-0.3746814065640967
609832,BYRNE,2016-2017,Good Standing,,Neighborhood,,0.6492211746423607,-0.572637036503817
610057,FAIRFIELD,2016-2017,Provisional Support,,Neighborhood,,0.19076365311574203,-0.37105995785323775
610196,SWIFT,2016-2017,Good Standing,,Neighborhood,,0.9340722912549676,0.17595759151768056
609954,GREGORY,2016-2017,Good Standing,,Neighborhood,,-0.9021917052540304,0.8505906970148818
609837,CARNEGIE,2016-2017,Good Standing,,Regional gifted center,,-0.2916955017610977,1.4562901062012295
609741,HUBBARD HS,2016-2017,Good Standing,82.9,Neighborhood,56.2,5.154481981990481,-2.2827811435342364
610182,SOLOMON,2016-2017,Good Standing,,Neighborhood,,-0.1886455000607768,0.10718590165334461
609733,SULLIVAN HS,2016-2017,Provisional Support,64.0,Neighborhood,51.5,0.2939616568069693,-0.8451558565400298
610088,MOZART,2016-2017,Good Standing,,Neighborhood,,0.7132593018139797,-0.8876746254899712
609729,SCHURZ HS,2016-2017,Provisional Support,72.5,Neighborhood,50.1,4.383274302348323,-2.7781045225226952
610304,PHOENIX MILITARY HS,2016-2017,Good Standing,91.5,Military academy,45.2,0.1656473093714524,-0.34977225498241266
610074,MONROE,2016-2017,Good Standing,,Neighborhood,,1.4265759415355752,-1.199158203469982
610073,MITCHELL,2016-2017,Good Standing,,Neighborhood,,-0.3847052789948772,-0.07303337138703696
610155,SAUGANASH,2016-2017,Good Standing,,Neighborhood,,0.5746722448733437,-0.014789587310445097
609719,LAKE VIEW HS,2016-2017,Good Standing,91.2,Neighborhood,65.7,4.040533060249287,-0.09805934037890247
610323,BOWEN HS,2016-2017,Good Standing,63.7,Small,49.4,-1.5035600731858858,-0.8424205800779603
610055,FARADAY,2016-2017,Good Standing,,Neighborhood,,-1.0638462835656473,0.7138731465239128
609922,BELMONT-CRAGIN,2016-2017,Good Standing,,Small,,0.22010653752939435,-0.6821622156700045
610062,MCCLELLAN,2016-2017,Good Standing,,Neighborhood,,-0.6076764486624668,0.2296776581865355
610521,DAVIS M,2016-2017,Good Standing,,Magnet,,-1.0901564295381443,0.6001652417613899
610539,CAMRAS,2016-2017,Good Standing,,Neighborhood,,1.81076963509212,-1.2936960726619329
609676,DUNBAR HS,2016-2017,Intensive Support,71.5,Career academy,43.5,-1.2813790383957364,-0.19081956978207987
609819,BURKE,2016-2017,Intensive Support,,Neighborhood,,-0.8580452259769202,1.0372187225820106
610385,MULTICULTURAL HS,2016-2017,Good Standing,80.9,Small,41.0,-1.2905869800422762,-0.9629053041978368
609794,EDISON,2016-2017,Good Standing,,Regional gifted center,,-0.8119003313712667,0.14185398640550256
610017,SAUCEDO,2016-2017,Good Standing,,Magnet,,2.1031754855394196,-1.528410551488538
610172,SHERMAN,2016-2017,Good Standing,,Neighborhood,,-1.100799467219888,0.5778837423254126
610092,NASH,2016-2017,Good Standing,,Neighborhood,,-1.0539916273307912,0.6517271265977052
609762,JULIAN HS,2016-2017,Intensive Support,74.4,Neighborhood,40.4,-1.1938298203284907,-0.04420648035559016
610106,PICCOLO,2016-2017,Intensive Support,,Neighborhood,,-9.344265815613984e-05,0.22586893582430717
609773,AGASSIZ,2016-2017,Good Standing,,Neighborhood,,-0.2799615607352544,0.11270627232323278
609753,CHICAGO AGRICULTURE HS,2016-2017,Good Standing,74.7,Magnet,79.8,0.9723053892423958,1.6283856470428593
609943,OWENS,2016-2017,Intensive Support,,Neighborhood,,-0.9333666972793657,0.8970370935460623
609698,BOGAN HS,2016-2017,Provisional Support,75.7,Neighborhood,54.6,0.46874819524246614,0.013540808556788561
610325,LOGANDALE,2016-2017,Good Standing,,Neighborhood,,0.9506700346625705,-0.9253041966569798
610534,SKINNER NORTH,2016-2017,Good Standing,,Classical,,0.008252011597792638,0.275358852590058
610076,MOOS,2016-2017,Good Standing,,Neighborhood,,-0.06278511622578836,-0.3953986066052859
610046,LYON,2016-2017,Good Standing,,Neighborhood,,3.759814779935202,-2.0998500848454915
609744,NORTHSIDE LEARNING HS,2016-2017,Good Standing,3.1,Special Education,0.0,-4.460854473350376,-7.809251072430198
610231,NATIONAL TEACHERS,2016-2017,Good Standing,,Neighborhood,,0.10592100057468978,1.2503925442092054
610036,LEWIS,2016-2017,Intensive Support,,Neighborhood,,-0.5856834425733306,0.6430095178478666
609898,EBERHART,2016-2017,Good Standing,,Neighborhood,,3.53930498469479,-2.094667501375252
610350,BLACK,2016-2017,Good Standing,,Magnet,,-0.743838159385273,1.0610427600911343
610334,RABY HS,2016-2017,Intensive Support,73.4,Small,51.1,-1.1528368863865532,0.1660663246766169
610238,BOND,2016-2017,Good Standing,,Neighborhood,,-1.030691739545289,0.7113032161477492
610040,LLOYD,2016-2017,Good Standing,,Neighborhood,,2.304723852943232,-1.6084331419452136
610124,WASHINGTON H ES,2016-2017,Good Standing,,Neighborhood,,-0.9790564788404887,0.7968795465840991
610027,KIPLING,2016-2017,Good Standing,,Neighborhood,,-1.0241014762798013,0.7511142576752248
609772,ADDAMS,2016-2017,Good Standing,,Neighborhood,,0.9324071914823625,-1.0344451721085552
610276,MOLLISON,2016-2017,Intensive Support,,Neighborhood,,-1.074262744763367,0.8288399016751546
610120,PECK,2016-2017,Good Standing,,Neighborhood,,1.6731525582478886,-1.3946153673877926
609694,HANCOCK HS,2016-2017,Good Standing,84.6,Selective enrollment,58.3,2.165867081117217,-1.0064193649601105
609739,WASHINGTON HS,2016-2017,Good Standing,72.2,Neighborhood,54.9,3.520432150215938,-2.4681691776431
610315,WHITE,2016-2017,Intensive Support,,Neighborhood,,-1.493314674010308,0.4662758746574516
610271,JENSEN,2016-2017,Provisional Support,,Magnet,,-0.8183832448938062,1.0023874875370402
609766,VAUGHN HS,2016-2017,Good Standing,27.8,Special Education,10.8,-3.540768595036784,-5.7228900982035364
609732,STEINMETZ HS,2016-2017,Intensive Support,71.3,Neighborhood,47.4,2.4356463996182827,-2.1342924214642887
609960,HALE,2016-2017,Good Standing,,Neighborhood,,1.6855327678972485,-1.019638247855392
610094,NETTELHORST,2016-2017,Good Standing,,Neighborhood,,0.8554769962506155,0.1767626224561113
610220,WATERS,2016-2017,Good Standing,,Neighborhood,,0.4281804848570841,-0.2088490895047582
610139,PULLMAN,2016-2017,Good Standing,,Neighborhood,,-0.7383361109399954,0.687066710185927
610242,BRENNEMANN,2016-2017,Good Standing,,Neighborhood,,-0.4660370647907522,0.5499032134787093
610548,STEM,2016-2017,Good Standing,,Magnet,,-0.28675023847186204,0.3082599189516618
609885,DEWEY,2016-2017,Intensive Support,,Neighborhood,,-0.813151459590397,0.8972364774829598
610202,TILTON,2016-2017,Good Standing,,Neighborhood,,-1.0230617975274678,0.7118814478831764
609883,DENEEN,2016-2017,Good Standing,,Neighborhood,,-0.469050717460206,1.1520638699353627
610099,NORWOOD PARK,2016-2017,Good Standing,,Neighborhood,,-0.3148253666327538,-0.05817189781867364
609728,ROOSEVELT HS,2016-2017,Intensive Support,66.9,Neighborhood,38.0,1.5159335816310788,-2.701585866004617
610503,FRAZIER PROSPECTIVE,2016-2017,Good Standing,,Magnet,,-1.2676574254588038,0.5457696979647632
610239,DALEY,2016-2017,Good Standing,,Neighborhood,,0.47780715924282624,-0.6975435773776867
609938,GARY,2016-2017,Good Standing,,Neighborhood,,2.5913643074564545,-1.8001090999712197
400068,PLATO,2016-2017,Intensive Support,,Contract,,-0.9081762139847886,0.9390004584927497
610039,VON LINNE,2016-2017,Good Standing,,Neighborhood,,0.7125639793628513,-0.8236620153886255
610402,DEVRY HS,2016-2017,Good Standing,,Magnet,80.0,-0.2921328111046873,1.5655716226424516
610174,SHIELDS,2016-2017,Good Standing,,Neighborhood,,1.4362820791113347,-1.262187407563316
609887,DIXON,2016-2017,Good Standing,,Neighborhood,,-0.4988556069671746,1.312406362311427
610068,HANSON PARK,2016-2017,Good Standing,,Neighborhood,,3.9050906677881634,-2.318587026887889
610165,SCHUBERT,2016-2017,Good Standing,,Neighborhood,,1.0776072749231325,-1.0599662019127494
610381,BRONZEVILLE HS,2016-2017,Provisional Support,80.6,Small,65.5,-0.6782678920376056,1.4015510414831098
609693,WESTINGHOUSE HS,2016-2017,Good Standing,97.6,Selective enrollment,76.7,3.008333336616862,2.980773608467081
610053,MARQUETTE,2016-2017,Intensive Support,,Neighborhood,,2.0365967220184547,-0.29113016733692787
609993,LARA,2016-2017,Good Standing,,Neighborhood,,-0.07244846430710809,-0.5721261208737187
610523,EDISON PARK,2016-2017,Good Standing,,Neighborhood,,0.15416203330021683,-0.031063177342118716
610129,PICKARD,2016-2017,Good Standing,,Neighborhood,,-0.045371897157074514,-0.5877874714637646
609919,FISKE,2016-2017,Provisional Support,,Neighborhood,,-0.7673994990781788,1.1040281314329734
609809,BRENTANO,2016-2017,Good Standing,,Neighborhood,,-0.004166192641666719,-0.4371192611948882
609974,HAWTHORNE,2016-2017,Good Standing,,Magnet,,0.1073457773356859,0.06896645010225029
609712,HIRSCH HS,2016-2017,Intensive Support,36.1,Neighborhood,40.5,-3.041675535494251,-3.106291880429806
610051,NORTHWEST,2016-2017,Intensive Support,,Neighborhood,,0.01945902464159696,-0.6457216974319646
610015,JUNGMAN,2016-2017,Good Standing,,Neighborhood,,-0.7245890426364927,-0.18588492304266166
609945,GOUDY,2016-2017,Good Standing,,Neighborhood,,1.4033031398651603,0.14734913609771852
609768,HOPE HS,2016-2017,Intensive Support,71.4,Neighborhood,44.8,-2.1291615516679374,-0.8792001340247616
610219,WASHINGTON G ES,2016-2017,Good Standing,,Neighborhood,,1.4250327725901824,-1.1831294791159461
610298,LENART,2016-2017,Good Standing,,Regional gifted center,,-1.0123194598323002,0.526981799917089
610034,LAWNDALE,2016-2017,Intensive Support,,Neighborhood,,-1.2263569574627224,0.6796020352254122
609855,CHRISTOPHER,2016-2017,Good Standing,,Neighborhood,,-0.3560094062492409,-0.25841500491664793
609810,BRIDGE,2016-2017,Good Standing,,Neighborhood,,2.487247536886888,-0.9061499392473721
609963,HAMILTON,2016-2017,Good Standing,,Neighborhood,,-0.18054787337136013,0.06565908016904867
610176,SHOOP,2016-2017,Good Standing,,Neighborhood,,-0.6900998000479884,0.9695783710367833
610316,EARHART,2016-2017,Good Standing,,Neighborhood,,-1.2369586541025104,0.6289747982103745
610217,WARD J,2016-2017,Good Standing,,Neighborhood,,1.294745182727559,0.2683122981390717
610544,AZUELA,2016-2017,Good Standing,,Neighborhood,,1.5800894659744404,-1.3428407863460443
609725,MORGAN PARK HS,2016-2017,Good Standing,79.6,Neighborhood,66.8,1.6747107502649954,3.3740669583447045
609705,FENGER HS,2016-2017,Intensive Support,49.5,Neighborhood,29.0,-2.8112024195493475,-2.7285734967370523
610213,WADSWORTH,2016-2017,Good Standing,,Neighborhood,,-0.428561700280316,1.2082688098588166
609795,CLARK ES,2016-2017,Good Standing,,Neighborhood,,-1.0461682011935314,0.290310545709805
610041,LOCKE J,2016-2017,Good Standing,,Neighborhood,,3.346647209860128,-1.7942176852980574
609842,CARSON,2016-2017,Good Standing,,Neighborhood,,2.3622642381577776,-1.6553439663006917
609679,PROSSER HS,2016-2017,Good Standing,88.2,Career academy,66.4,3.922074895150818,-0.1957535864561319
609944,GRISSOM,2016-2017,Good Standing,,Neighborhood,,-0.5566177947765232,-0.2663523120043976
609897,EARLE,2016-2017,Intensive Support,,Neighborhood,,-0.8573832522398499,0.9182446663570911
610529,OGDEN HS,2016-2017,Good Standing,83.6,Neighborhood,72.6,1.5757226677025213,1.5563344737231726
610096,NIGHTINGALE,2016-2017,Good Standing,,Neighborhood,,2.999370005398569,-1.9847725534580711
610364,DUBOIS,2016-2017,Good Standing,,Neighborhood,,-1.1829858313724653,0.5918791889834322
610281,POWELL,2016-2017,Provisional Support,,Neighborhood,,-0.4128856380955961,1.353814968582328
610380,WILLIAMS HS,2016-2017,Good Standing,83.5,Small,74.7,-0.45186652976958797,1.9018073603852481
610547,SOUTH SHORE INTL HS,2016-2017,Good Standing,71.0,Selective enrollment,64.2,-0.10051551291189438,1.369221277428332
610532,HERNANDEZ,2016-2017,Good Standing,,Neighborhood,,2.179359849483179,-1.563635700609718
610383,SOCIAL JUSTICE HS,2016-2017,Good Standing,87.5,Small,56.6,-0.4546859286336235,0.2560368246741072
610191,STONE,2016-2017,Good Standing,,Magnet,,0.7015006320679417,0.24739329783423078
610137,PRUSSING,2016-2017,Good Standing,,Neighborhood,,1.144139006200056,-0.42132108286884823
609848,ALDRIDGE,2016-2017,Intensive Support,,Neighborhood,,-1.3743758831773578,0.5406893959459493
610279,TANNER,2016-2017,Good Standing,,Neighborhood,,-0.9145397351204738,0.8319418849414814
609808,HALEY,2016-2017,Good Standing,,Neighborhood,,-0.47004274432050575,1.2450519456116385
609939,GILLESPIE,2016-2017,Good Standing,,Neighborhood,,-0.5594190358348298,1.127830929147706
400043,HOPE INSTITUTE,2016-2017,Good Standing,,Contract,,-0.8362767044461037,0.7749851488496087
610268,ASHE,2016-2017,Intensive Support,,Neighborhood,,-1.1193540975315344,0.8116847307158952
609849,CASSELL,2016-2017,Good Standing,,Neighborhood,,-0.3796340922301032,0.09316014143650701
610138,PULASKI,2016-2017,Good Standing,,Neighborhood,,1.656675358048752,-1.0422511963231123
610067,MCKAY,2016-2017,Good Standing,,Neighborhood,,0.449175679292604,1.0949915674167177
609827,BURNSIDE,2016-2017,Good Standing,,Magnet,,-0.6899078864963002,1.1145840710493218
610098,NOBEL,2016-2017,Good Standing,,Neighborhood,,1.1067658923134214,-0.8467317086033462
609811,BRIGHT,2016-2017,Provisional Support,,Neighborhood,,-1.0315230623577407,0.42098401752070874
609850,GREELEY,2016-2017,Good Standing,,Neighborhood,,0.2954896464598359,-0.36720944301201147
610235,YOUNG ES,2016-2017,Good Standing,,Neighborhood,,0.2996732698601485,1.4153071154884602
610024,CARDENAS,2016-2017,Good Standing,,Neighborhood,,0.25151911477750566,-0.6991989615298496
609835,CAMERON,2016-2017,Good Standing,,Neighborhood,,0.936140021886327,-0.42053231678732794
400175,CAMELOT - EXCEL SOUTHSHORE HS,2016-2017,Good Standing,,Citywide-Option,8.3,-2.9698499017381192,-2.3870597872489796
610003,CUFFE,2016-2017,Good Standing,,Neighborhood,,-0.9741972600836661,0.771862865963237
609844,CARTER,2016-2017,Intensive Support,,Neighborhood,,-0.8281584993731705,1.0017722793899695
610225,WHISTLER,2016-2017,Good Standing,,Neighborhood,,-0.9266039490642294,0.8640249627724118
400091,CHICAGO TECH HS,2016-2017,Intensive Support,69.5,Contract,60.0,-1.2774591052825186,0.07254584675779648
610145,REINBERG,2016-2017,Good Standing,,Neighborhood,,1.2963804965330545,-0.8607718730064685
610559,SHIELDS MIDDLE,2016-2017,Good Standing,,Neighborhood,,0.6417792919913714,-0.8787034040499254
610209,VOLTA,2016-2017,Good Standing,,Neighborhood,,2.171704446851155,-0.7904938365549374
610108,OTOOLE,2016-2017,Provisional Support,,Neighborhood,,-0.93598503727669,0.771057664857852
609854,CHOPIN,2016-2017,Good Standing,,Neighborhood,,-0.26733554360657646,-0.17900537404845968
610504,THOMAS,2016-2017,Good Standing,,Neighborhood,,-1.2347017499072572,-0.061078878326659564
610089,MURPHY,2016-2017,Good Standing,,Neighborhood,,0.17459864019331273,-0.522599303147046
610048,MANIERRE,2016-2017,Provisional Support,,Neighborhood,,-0.9948060184197687,0.8630243319818378
610144,REILLY,2016-2017,Good Standing,,Neighborhood,,1.78569921042907,-1.3865141962210035
609971,HARVARD,2016-2017,Intensive Support,,Neighborhood,,-0.9203921106764927,0.9540895522774709
609988,HENRY,2016-2017,Good Standing,,Neighborhood,,0.24274343120291253,-0.6020721827803991
610029,LOZANO,2016-2017,Good Standing,,Neighborhood,,-1.0208539450291005,-0.08940125994603874
610101,OGDEN ES,2016-2017,Good Standing,,Neighborhood,,0.8725834810533815,0.3201287815742323
609737,VON STEUBEN HS,2016-2017,Good Standing,88.8,Magnet,73.4,5.778379737581865,0.36145576404120267
609738,LINCOLN PARK HS,2016-2017,Good Standing,87.7,Neighborhood,79.6,6.511178474277652,1.7334321967253723
610121,IRVING,2016-2017,Good Standing,,Neighborhood,,-0.55347021878248,0.7381305153591291
610263,DULLES,2016-2017,Intensive Support,,Neighborhood,,-0.2785467567051473,1.4427353944889463
609680,PAYTON HS,2016-2017,Good Standing,95.3,Selective enrollment,87.7,3.472594247774339,2.8287818363260264
610208,LAVIZZO,2016-2017,Good Standing,,Neighborhood,,-0.8805916033102211,0.8511536784178708
610125,RUIZ,2016-2017,Good Standing,,Neighborhood,,0.9428639368155843,-1.0412856064918388
610011,JAMIESON,2016-2017,Good Standing,,Neighborhood,,2.220247177384789,-0.29639875637139107
610366,WACKER,2016-2017,Good Standing,,Neighborhood,,-1.0906269845518801,0.7580337190120755
610130,PIRIE,2016-2017,Good Standing,,Neighborhood,,-1.1467507311979745,0.6741303060032199
610013,PILSEN,2016-2017,Provisional Support,,Neighborhood,,-0.6918185231097186,-0.23742135067873607
610237,BEETHOVEN,2016-2017,Intensive Support,,Neighborhood,,-0.9289196340531938,0.9122615414646307
610171,MIRELES,2016-2017,Provisional Support,,Neighborhood,,-0.19402276105639227,0.2947400144060583
610084,KELLER,2016-2017,Good Standing,,Regional gifted center,,-0.9725355501454922,0.3109537029674936
609873,CROWN,2016-2017,Intensive Support,,Neighborhood,,-1.2563101232601404,0.5716302806458787
609711,HARPER HS,2016-2017,Intensive Support,62.1,Neighborhood,31.9,-2.6768350848779625,-2.0479882272932146
609893,DORE,2016-2017,Good Standing,,Neighborhood,,0.7595380060595093,-0.6145326147142024
610246,BEASLEY,2016-2017,Good Standing,,Regional gifted center,,1.1238714124502829,2.6994876001102694
610218,WARREN,2016-2017,Good Standing,,Neighborhood,,-1.199992188212092,0.6090135752444639
609829,BURROUGHS,2016-2017,Good Standing,,Neighborhood,,0.061213546485214196,-0.639707108013229
610091,BROWN R,2016-2017,Provisional Support,,Neighborhood,,-1.0724915280022487,0.8300819732314928
610561,CRANE MEDICAL HS,2016-2017,Good Standing,,Magnet,,-0.3739808014420704,0.6761383947447147
609818,BURBANK,2016-2017,Good Standing,,Neighborhood,,1.6398187806192654,-1.1923591707451588
610513,AIR FORCE HS,2016-2017,Good Standing,86.1,Military academy,61.5,-0.5219008137600087,0.8806635879743128
610167,SEWARD,2016-2017,Good Standing,,Neighborhood,,0.9022642304367433,-1.0432709249322556
610329,OROZCO,2016-2017,Good Standing,,Neighborhood,,0.32844712723338976,-0.7585238254229393
609710,HARLAN HS,2016-2017,Intensive Support,54.6,Neighborhood,48.0,-1.732799410594902,-1.0362279002108628
610146,REVERE,2016-2017,Intensive Support,,Neighborhood,,-1.3002914160300705,0.6102193567139799
609691,NORTH-GRAND HS,2016-2017,Good Standing,74.3,Neighborhood,42.6,1.2387066299306586,-2.0287991258192
610295,HIGGINS,2016-2017,Good Standing,,Neighborhood,,-1.125942894010997,0.6610380897905815
609937,GARVY,2016-2017,Good Standing,,Neighborhood,,1.2597699307562835,-0.30438508219312543
610198,TAYLOR,2016-2017,Provisional Support,,Neighborhood,,-0.19155905126075481,-0.4289188877808785
609724,MATHER HS,2016-2017,Good Standing,72.3,Neighborhood,66.3,4.862516523709508,-0.29677504008908584
609925,KELLMAN,2016-2017,Provisional Support,,Neighborhood,,-1.0330964094679174,0.8637147456067833
610097,NIXON,2016-2017,Good Standing,,Neighborhood,,1.3774871676126386,-1.209418590079788
610352,DURKIN PARK,2016-2017,Good Standing,,Neighborhood,,0.7136200478865312,-0.6899733358451725
610183,SPENCER,2016-2017,Intensive Support,,Neighborhood,,-0.5146477821737578,1.2331062175261118
610175,SHOESMITH,2016-2017,Good Standing,,Neighborhood,,-0.8887566351575572,0.8270363528807059
610313,DE DIEGO,2016-2017,Provisional Support,,Neighborhood,,0.0598405544592992,-0.1728802890574484
609871,VICK,2016-2017,Good Standing,,Special Education,,-0.8226987485295295,0.09536153598504181
609933,GALE,2016-2017,Intensive Support,,Neighborhood,,-0.8599048802022173,0.37501538918980115
609942,GOETHE,2016-2017,Good Standing,,Neighborhood,,0.9711272144823342,-0.7842748964717488
610026,KINZIE,2016-2017,Good Standing,,Neighborhood,,0.6889076915451638,-0.6219708360265092
610317,BRIGHTON PARK,2016-2017,Good Standing,,Neighborhood,,-0.005167560747476277,-0.5878234093334282
609749,NORTHSIDE PREP HS,2016-2017,Good Standing,97.8,Selective enrollment,93.4,3.7383397689651994,3.0378009981037652
609720,LANE TECH HS,2016-2017,Good Standing,95.9,Selective enrollment,85.0,15.62949752735151,0.4673461573112355
610176,SHOOP,2023-2024,Good Standing,,,,-0.8100268330580979,0.9786588277539439
610009,GALILEO,2023-2024,Good Standing,,,,-0.1730341713257072,-0.02815417746906165
610145,REINBERG,2023-2024,Good Standing,,,,1.0135449306832738,-0.7781231638450536
400176,EXCEL SOUTHWEST HS,2023-2024,Good Standing,10.0,,10.5,-4.41349211274071,-6.524209563812322
609828,BURR,2023-2024,Good Standing,,,,-0.38344656349586564,-0.02210375571972991
609807,HAMPTON,2023-2024,Good Standing,,,,-0.3769136537735305,0.11233057418437072
609805,JOPLIN,2023-2024,Good Standing,,,,-1.0820249083801499,0.6274753954621726
609910,FALCONER,2023-2024,Good Standing,,,,1.3696261138096772,-1.2280693817102948
610325,AVONDALE-LOGANDALE,2023-2024,Good Standing,,,,0.016543692954835383,-0.49133044366769274
610284,NEW FIELD,2023-2024,Good Standing,,,,0.025110093665302244,0.07149132876310531
610182,SOLOMON,2023-2024,Good Standing,,,,-0.3494824882204873,0.12136785719667288
609974,HAWTHORNE,2023-2024,Good Standing,,,,0.31018999358344634,0.022625858595348557
610586,SADLOWSKI,2023-2024,Good Standing,,,,0.5705670702636351,-0.7951353804432315
610263,DULLES,2023-2024,Provisional Support,,,,-0.4476603280467339,1.5518941748327086
610111,PALMER,2023-2024,Good Standing,,,,1.2237904818542358,-0.39270134493255215
610521,DAVIS M,2023-2024,Good Standing,,,,-1.394986570314,0.37746803037474397
610024,CARDENAS,2023-2024,Good Standing,,,,1.0608133665779604,-1.061287832012389
609904,ELLINGTON,2023-2024,Good Standing,,,,-0.6265245418047768,1.0086299540601193
610093,NEIL,2023-2024,Provisional Support,,,,-1.3065376882827067,0.6641930304064195
609818,BURBANK,2023-2024,Good Standing,,,,0.8185999894088285,-0.922797499133981
609920,KANOON,2023-2024,Good Standing,,,,-0.37508360581333816,-0.4763271497211488
609938,GARY,2023-2024,Good Standing,,,,0.9908536451478565,-1.091491521084955
609693,WESTINGHOUSE HS,2023-2024,Good Standing,92.5,,86.2,3.3805286825330723,3.003618061957257
610115,PARK MANOR,2023-2024,Good Standing,,,,-1.1448007901035624,0.6425183251303253
610135,PORTAGE PARK,2023-2024,Good Standing,,,,1.4243121314304543,-0.7428038046804676
609709,GAGE PARK HS,2023-2024,Intensive Support,70.1,,48.0,-1.17155642481483,-1.0915627073771788
610123,PENN,2023-2024,Good Standing,,,,-1.2430154588063638,0.5568026311253974
610558,GOODE HS,2023-2024,Good Standing,93.2,,59.2,1.8630126774627356,0.6471801734637176
609837,CARNEGIE,2023-2024,Good Standing,,,,-0.8267376915637802,0.9667461546250206
609929,FULTON,2023-2024,Good Standing,,,,-0.6645572462365211,-0.10635983875151449
610174,SHIELDS,2023-2024,Good Standing,,,,0.027549659103207044,-0.6445050509412856
610057,FAIRFIELD,2023-2024,Good Standing,,,,-0.08478832376292812,-0.3892380991734473
609744,NORTHSIDE LEARNING HS,2023-2024,Good Standing,11.1,,,-2.3444383562317426,-4.232298450768819
610088,MOZART,2023-2024,Good Standing,,,,-0.07424080254960758,-0.5207331956642772
610101,OGDEN ES,2023-2024,Good Standing,,,,0.7022977993044556,0.767641024983023
610043,LOVETT,2023-2024,Good Standing,,,,-0.8952751872449651,0.5460632759883987
610105,ORIOLE PARK,2023-2024,Good Standing,,,,0.25393237935931096,-0.09215136213884491
610221,WEBSTER,2023-2024,Good Standing,,,,-1.3017215349555296,0.5769513085879718
610097,NIXON,2023-2024,Good Standing,,,,0.5495606761087088,-0.8688862098933292
610192,STOWE,2023-2024,Good Standing,,,,0.06484789585784698,-0.5162778388518663
609782,AUDUBON,2023-2024,Good Standing,,,,0.1859993013248401,0.008178023000336246
610245,DOUGLASS HS,2023-2024,Intensive Support,69.2,,33.3,-2.7324587707229955,-1.7281619392340972
609698,BOGAN HS,2023-2024,Intensive Support,77.3,,49.3,-0.4548176666895513,-0.1906783300266092
610180,SMYTH,2023-2024,Provisional Support,,,,-0.9648969086531441,0.873454418529159
610364,DUBOIS,2023-2024,Good Standing,,,,-1.2970831440440214,0.48922569213718314
609952,GREENE,2023-2024,Good Standing,,,,-0.5712512559563104,-0.26446319453299316
609927,FOSTER PARK,2023-2024,Good Standing,,,,-1.0297825889373817,0.8273828212172365
610593,OMBUDSMAN - ROSELAND HS,2023-2024,Good Standing,,,,-1.4238201902586798,0.35921190862909463
610063,MCCORMICK,2023-2024,Good Standing,,,,-0.17098902688253775,-0.5619514311032717
610095,NEWBERRY,2023-2024,Good Standing,,,,-0.9238540747887946,0.5406988472108604
610281,POWELL,2023-2024,Good Standing,,,,-0.5444404863711159,1.212849421313225
609804,MOSAIC,2023-2024,Good Standing,,,,1.4829303671235121,-0.16798705999858293
609751,KING HS,2023-2024,Good Standing,91.9,,86.6,1.134220876589933,4.0491945585953415
609791,BASS,2023-2024,Good Standing,,,,-1.0601679739693524,0.7076713495447875
610078,INTER-AMERICAN,2023-2024,Good Standing,,,,0.2973967936171558,-0.6756035383787106
610179,SMYSER,2023-2024,Good Standing,,,,0.9781730329819651,-0.6080360661244864
610587,DYETT ARTS HS,2023-2024,Good Standing,87.0,,56.8,-0.40837578603725866,1.6393988844916982
609933,GALE,2023-2024,Intensive Support,,,,-1.0350052662125964,0.3723197906744423
610530,SOUTH SHORE ES,2023-2024,Good Standing,,,,-1.2386335008800105,0.6150301980664976
610238,BOND,2023-2024,Good Standing,,,,-1.1420952770552388,0.6108094908051331
610127,PETERSON,2023-2024,Good Standing,,,,1.7190147412955517,-0.23533567554513338
610084,KELLER,2023-2024,Good Standing,,,,-0.9174095574347203,0.25034045331783317
610268,ASHE,2023-2024,Good Standing,,,,-0.9820988325516502,0.8740504780373286
609951,ARIEL,2023-2024,Good Standing,,,,-0.9671440629529426,0.8420304187273839
610316,EARHART,2023-2024,Good Standing,,,,-1.3135839601897297,0.5420648748934163
610345,WOODSON,2023-2024,Good Standing,,,,-1.0969582862069283,0.7041454550009221
610129,PICKARD,2023-2024,Good Standing,,,,-0.695907871704609,-0.30049875981228985
610163,STOCK,2023-2024,Good Standing,,,,-1.0393718270658667,0.05661170055593556
610185,STEVENSON,2023-2024,Good Standing,,,,2.374986005032351,-1.47941464723648
609994,HIBBARD,2023-2024,Good Standing,,,,1.6224430493541755,-1.003055292784653
609854,CHOPIN,2023-2024,Provisional Support,,,,-0.849612551716257,0.09653583052699284
609797,BEIDLER,2023-2024,Good Standing,,,,-1.130118815789537,0.6306886812733693
610006,HURLEY,2023-2024,Good Standing,,,,0.818466603195075,-1.0088157776373883
610390,RICKOVER MILITARY HS,2023-2024,Good Standing,91.0,,56.9,0.40575522282439197,0.20960536432514684
610298,LENART,2023-2024,Good Standing,,,,-1.0283815028494394,0.5822367871498303
610246,BEASLEY,2023-2024,Good Standing,,,,0.3025939148220938,2.2659962352745637
610170,COLUMBIA EXPLORERS,2023-2024,Good Standing,,,,0.9369485885416513,-1.0567327363831636
609958,GUNSAULUS,2023-2024,Good Standing,,,,0.6817695139324501,-0.8840679143261324
610038,LINCOLN,2023-2024,Good Standing,,,,0.9650335755597925,0.25941469186741667
610319,EVERGREEN,2023-2024,Good Standing,,,,-0.9770561929984318,-0.1708547375181183
609712,HIRSCH HS,2023-2024,Intensive Support,63.0,,27.3,-2.9241824317000655,-2.322466629168362
609955,GRESHAM,2023-2024,Good Standing,,,,-0.9702300309582115,0.7923305932840049
610226,SANDOVAL,2023-2024,Good Standing,,,,0.9115444562085101,-1.02647456808226
610107,OTIS,2023-2024,Provisional Support,,,,-0.6866566454185762,0.012162586830714469
609811,BRIGHT,2023-2024,Provisional Support,,,,-1.286815481828646,0.33332421145489904
609794,EDISON,2023-2024,Good Standing,,,,-0.8501972207910043,0.11985760761064125
609977,WOODLAWN,2023-2024,Good Standing,,,,-1.3519879528994092,0.4704852619101603
609961,NINOS HEROES,2023-2024,Intensive Support,,,,-1.1689659262224092,0.5186950200161328
609830,BRUNSON,2023-2024,Provisional Support,,,,-0.7600355465841346,0.7407844145368857
609680,PAYTON HS,2023-2024,Good Standing,97.6,,88.7,4.455604993600041,2.944039811147992
610323,BOWEN HS,2023-2024,Intensive Support,54.8,,45.1,-2.332547628689907,-1.7758148257480177
609968,MCAULIFFE,2023-2024,Provisional Support,,,,0.04723812486998852,-0.6052535714413784
609738,LINCOLN PARK HS,2023-2024,Good Standing,88.4,,81.8,6.279194369255914,2.0406052084296378
610367,DEPRIEST,2023-2024,Good Standing,,,,-0.6280697653607603,0.9894631731862207
400043,HOPE LEARNING ACADEMY,2023-2024,Good Standing,,,,-1.737448073367858,0.13333092981721226
609960,HALE,2023-2024,Good Standing,,,,0.8977786943642349,-0.8043680014683177
610141,RAVENSWOOD,2023-2024,Good Standing,,,,-0.11417722270558149,-0.019273375555286062
609766,VAUGHN HS,2023-2024,Good Standing,11.5,,,-2.6061845879045733,-4.176130521792722
610308,RUDOLPH,2023-2024,Good Standing,,,,-1.4608944653926335,0.14936636773800954
609819,BURKE,2023-2024,Provisional Support,,,,-1.2629948550023458,0.6521696849232956
610282,MCNAIR,2023-2024,Good Standing,,,,-0.8762787588500804,0.5155494808698398
610052,MANN,2023-2024,Good Standing,,,,-1.132363442834904,0.6693202742360719
609730,SENN HS,2023-2024,Good Standing,83.1,,69.2,4.010327564202014,0.8776986594507846
610070,MCPHERSON,2023-2024,Good Standing,,,,0.7241759372685943,-0.34968272987121163
610564,DISNEY II HS,2023-2024,Good Standing,92.1,,74.3,1.627122510217749,1.5696006419917183
609704,FARRAGUT HS,2023-2024,Good Standing,65.9,,45.2,-0.5859878424720572,-1.9778792625536266
610099,NORWOOD PARK,2023-2024,Good Standing,,,,-0.6993543262152719,-0.0401099925541505
610133,WARD L,2023-2024,Good Standing,,,,-1.0921750445332534,0.47472273637086265
610013,PILSEN,2023-2024,Good Standing,,,,-0.9690886211499029,-0.15765801492425255
610122,PEIRCE,2023-2024,Good Standing,,,,1.8294331848218301,-0.2668808600337182
609883,DENEEN,2023-2024,Good Standing,,,,-0.729184032275666,1.0769260970149053
610037,LIBBY,2023-2024,Good Standing,,,,-1.0304344424105982,0.2629257675200481
609987,HENDRICKS,2023-2024,Good Standing,,,,-1.2997602445954464,0.4641793563719187
610300,WESTCOTT,2023-2024,Provisional Support,,,,-0.9261327161099039,0.9675496089787258
610290,MAYS,2023-2024,Intensive Support,,,,-1.3492025344280267,0.5915612829607734
609986,HENDERSON,2023-2024,Intensive Support,,,,-1.218342737045088,0.23302237930001088
610269,MCCUTCHEON,2023-2024,Good Standing,,,,-0.6624854470086522,0.35477260244801195
610032,GREEN,2023-2024,Good Standing,,,,-1.0966953361831988,0.758809466843532
609759,CLEMENTE HS,2023-2024,Intensive Support,85.9,,48.9,0.43774527219364906,-0.3003898906711262
609832,BYRNE,2023-2024,Good Standing,,,,0.1797601078598166,-0.457093724223227
609945,GOUDY,2023-2024,Good Standing,,,,0.23505694599779398,0.22413027748349965
610051,NORTHWEST,2023-2024,Provisional Support,,,,0.030986652913979257,-0.6101715073174264
610208,LAVIZZO,2023-2024,Good Standing,,,,-0.98283443724384,0.8030758497876774
609734,TAFT HS,2023-2024,Good Standing,90.1,,75.3,14.633910728924679,-1.1515850527646203
610183,SPENCER,2023-2024,Provisional Support,,,,-0.9432790808619556,0.7939949033750596
610000,HOWE,2023-2024,Provisional Support,,,,-0.9713136348865505,0.7445433318490194
610130,PIRIE,2023-2024,Provisional Support,,,,-1.4206909964489,0.5355781687596625
609971,HARVARD,2023-2024,Provisional Support,,,,-1.0237778895561598,0.8681663376327775
609764,JUAREZ HS,2023-2024,Good Standing,82.4,,57.9,4.2580120580100305,-2.0831058733633414
610541,LORCA,2023-2024,Good Standing,,,,0.4900817432804445,-0.8147218419955974
610171,MIRELES,2023-2024,Provisional Support,,,,-0.5454319684313054,0.33779186933478955
610347,CLAREMONT,2023-2024,Provisional Support,,,,-0.9682156615513438,0.547856418777541
609899,EBINGER,2023-2024,Good Standing,,,,0.6515994403018422,0.007107274246289701
610138,PULASKI,2023-2024,Good Standing,,,,1.0404022038768796,-0.5279262567560751
609872,PEREZ,2023-2024,Good Standing,,,,-0.710277777570496,-0.25454726407663436
610235,YOUNG ES,2023-2024,Intensive Support,,,,-0.8074221159025683,0.6112075303549223
609857,CLEVELAND,2023-2024,Good Standing,,,,-0.07713766337852407,-0.4341173868666536
610199,COLEMON,2023-2024,Good Standing,,,,-1.3536798434066266,0.4895498759955933
610142,RAY,2023-2024,Good Standing,,,,-0.320845257232071,0.8266120343433019
609956,GRIMES,2023-2024,Good Standing,,,,-0.43800022869356386,-0.4025016394684801
610033,LASALLE,2023-2024,Good Standing,,,,-0.3879204145542978,0.4450814696021246
610106,PICCOLO,2023-2024,Good Standing,,,,0.26749903805734093,-0.1429213473775596
609894,DRAKE,2023-2024,Provisional Support,,,,-1.120989499018378,0.740242228031719
609795,CLARK ES,2023-2024,Good Standing,,,,-1.3446404433033636,0.1841994456538914
609786,AVALON PARK,2023-2024,Good Standing,,,,-1.3124098288036836,0.5304656550665059
610315,WHITE,2023-2024,Provisional Support,,,,-1.5565902780176228,0.419586005759507
610592,ENGLEWOOD STEM HS,2023-2024,Good Standing,,,,-0.19271687137533905,1.0529907768814826
610148,CHAVEZ,2023-2024,Good Standing,,,,1.1767209611329776,-1.1547260708865152
609836,CANTY,2023-2024,Good Standing,,,,1.0763352650967666,-0.5109056505007037
610227,WHITNEY,2023-2024,Good Standing,,,,0.42052669751026894,-0.8529182951927065
610067,MCKAY,2023-2024,Good Standing,,,,-0.07668436709681535,0.5301904052539301
610213,WADSWORTH,2023-2024,Good Standing,,,,-0.75488496480165,1.0850944044358086
609896,DRUMMOND,2023-2024,Good Standing,,,,-0.7470378801243394,0.0558790668562473
610547,SOUTH SHORE INTL HS,2023-2024,Good Standing,90.3,,73.7,0.3736611540402718,2.9334547434372933
609679,PROSSER HS,2023-2024,Good Standing,90.6,,71.5,3.112670207461349,0.6748556351140951
609879,DAWES,2023-2024,Good Standing,,,,1.6086201040821717,-0.9426027850454561
609875,DARWIN,2023-2024,Good Standing,,,,0.017466191106024986,-0.4807490345744336
609880,DECATUR,2023-2024,Good Standing,,,,-0.5267972134132632,0.1418510218311011
610363,DISNEY,2023-2024,Good Standing,,,,2.3508090991601844,1.279302204353445
610394,UPLIFT HS,2023-2024,Intensive Support,62.7,,51.7,-1.9552311229784551,-1.0090075797373588
610175,SHOESMITH,2023-2024,Good Standing,,,,-1.0464685336829052,0.6323157446212543
609898,EBERHART,2023-2024,Good Standing,,,,1.9802507693524398,-1.4664188132225804
610503,FRAZIER PROSPECTIVE,2023-2024,Good Standing,,,,-1.4361746092785581,0.3950701258848542
610086,MOUNT VERNON,2023-2024,Good Standing,,,,-1.1846619595871968,0.6310740467350233
400137,LITTLE BLACK PEARL HS,2023-2024,Good Standing,100.0,,32.1,-1.8392619303283966,0.13909176488221112
610087,BLAIR,2023-2024,Good Standing,,,,-0.933899816204873,-0.14650744037686064
609834,LITTLE VILLAGE,2023-2024,Good Standing,,,,0.3835621151919325,-0.8280409592876342
610046,LYON,2023-2024,Good Standing,,,,1.9019032448904585,-1.3762222189235955
610178,SCHMID,2023-2024,Good Standing,,,,-1.364699585368821,0.4907916091921075
609921,TELPOCHCALLI,2023-2024,Good Standing,,,,-0.9295292986085689,-0.19806198419947804
400181,ART IN MOTION,2023-2024,Good Standing,,,,-0.358876655483383,1.2035195410339412
610193,NEW SULLIVAN,2023-2024,Good Standing,,,,-0.6540969818744213,0.6141022404000757
609694,HANCOCK HS,2023-2024,Good Standing,96.3,,73.2,2.8336707052246575,0.6206341103957229
609893,DORE,2023-2024,Good Standing,,,,0.6768193319537121,-0.7275957732223524
610188,DUNNE,2023-2024,Good Standing,,,,-1.2956543561557237,0.5659543372924432
610202,TILTON,2023-2024,Good Standing,,,,-1.1570728405321888,0.5458096862109999
609861,CLISSOLD,2023-2024,Good Standing,,,,-0.7518957926638239,0.8532212068365945
609750,SIMPSON HS,2023-2024,Good Standing,,,27.3,-2.558949122409458,-1.4367993174258165
609678,JONES HS,2023-2024,Good Standing,98.3,,88.3,6.807892544308961,2.6691676399978927
609926,FRANKLIN,2023-2024,Good Standing,,,,-0.780775131082086,0.47804988916175706
610021,CASALS,2023-2024,Good Standing,,,,-0.5483725814249998,-0.03538957917225412
609918,FIELD,2023-2024,Good Standing,,,,-1.2552193811410117,0.10243346727775442
610062,MIOSO,2023-2024,Good Standing,,,,-0.7368687911154618,0.23845705469920153
610029,LOZANO,2023-2024,Good Standing,,,,-1.0313947643555255,-0.06294459085256686
609733,SULLIVAN HS,2023-2024,Good Standing,72.9,,60.9,0.815828099125895,-0.05358742562174097
609979,HEALY,2023-2024,Good Standing,,,,4.886583710012085,0.08292227365647518
610157,SAWYER,2023-2024,Good Standing,,,,1.7427979217019953,-1.4216286865685785
610026,KINZIE,2023-2024,Good Standing,,,,0.5237843358762335,-0.6428423443297397
610249,TALMAN,2023-2024,Good Standing,,,,-0.4667843658645977,-0.422324433797153
610055,FARADAY,2023-2024,Good Standing,,,,-1.3725831712330758,0.4424658694735055
610228,WHITTIER,2023-2024,Good Standing,,,,-1.119848230682732,-0.14347697049122865
609674,CHICAGO VOCATIONAL HS,2023-2024,Provisional Support,73.2,,28.7,-1.4951615748804592,-0.6917041401346441
609817,BUDLONG,2023-2024,Good Standing,,,,1.0577499199116556,-0.24752565497707052
609737,VON STEUBEN HS,2023-2024,Good Standing,93.3,,77.2,5.560440314369117,0.9929057853915717
609835,CAMERON,2023-2024,Good Standing,,,,0.3677100074714879,-0.5160891184887255
610405,SUDER,2023-2024,Good Standing,,,,-0.590504556648923,0.5780867621057179
610068,HANSON PARK,2023-2024,Good Standing,,,,2.29909463724045,-1.6172524652033347
610523,EDISON PARK,2023-2024,Good Standing,,,,-0.2902573605535765,-0.013458276748824657
610402,DEVRY HS,2023-2024,Good Standing,,,76.9,-0.6001250619454365,1.3779931065294055
610543,SOLORIO HS,2023-2024,Good Standing,88.6,,68.9,3.5986119356499238,-0.6436346144347675
610312,MCDOWELL,2023-2024,Good Standing,,,,-1.4833306147821588,0.37206166069135327
610027,KIPLING,2023-2024,Good Standing,,,,-1.2451611185186062,0.5939264300087141
610184,SPRY ES,2023-2024,Good Standing,,,,-0.6298448393165541,-0.3449431925675749
609756,CURIE HS,2023-2024,Good Standing,75.1,,64.9,9.143565130796535,-3.4545056452177807
609740,WELLS HS,2023-2024,Provisional Support,77.1,,47.0,-1.1709864053890597,-0.45103083130281846
610117,PASTEUR,2023-2024,Good Standing,,,,0.4601360523007806,-0.8217918418868089
610132,POE,2023-2024,Good Standing,,,,-1.3333165011068255,0.5618137936517472
610128,GARVEY,2023-2024,Provisional Support,,,,-1.3027507653230919,0.6600956916195087
609997,HOLMES,2023-2024,Good Standing,,,,-1.4403568549600991,0.34207312682995944
609963,HAMILTON,2023-2024,Good Standing,,,,-0.22418179852500753,0.07377685527087736
610217,WARD J,2023-2024,Good Standing,,,,0.9724877431938233,0.21848002225542887
610352,DURKIN PARK,2023-2024,Good Standing,,,,0.542319530907517,-0.6604474911366113
610223,WENTWORTH,2023-2024,Intensive Support,,,,-0.9337508855438754,0.7895055312723759
610203,MONARCAS,2023-2024,Good Standing,,,,1.12606137803083,-1.1156861797474764
610534,SKINNER NORTH,2023-2024,Good Standing,,,,0.2663788511975948,0.26277717222325087
609937,GARVY,2023-2024,Good Standing,,,,0.88133735520018,-0.2908553490222783
610350,BLACK,2023-2024,Good Standing,,,,-1.0422835088549345,0.9019298850987527
609947,GRAHAM ES,2023-2024,Good Standing,,,,-0.6782041805460054,-0.0030938687627131353
609755,YOUNG HS,2023-2024,Good Standing,95.7,,88.3,7.529183443050621,3.0759675138563765
609855,CHRISTOPHER,2023-2024,Provisional Support,,,,-0.7330850447580027,-0.1854047885475518
609876,DAVIS N,2023-2024,Provisional Support,,,,0.08070575694414933,-0.6615354532040216
609869,LANGFORD,2023-2024,Intensive Support,,,,-1.416755173568072,0.40695922779741467
610034,LAWNDALE,2023-2024,Intensive Support,,,,-1.413837951342808,0.510060794966409
610369,JACKSON M,2023-2024,Intensive Support,,,,-1.1223864111352295,0.7580315448979313
610125,RUIZ,2023-2024,Good Standing,,,,-0.16760474301945705,-0.5433803189703995
609777,ARMOUR,2023-2024,Good Standing,,,,-0.884470083855038,-0.10540493807122085
610102,OGLESBY,2023-2024,Intensive Support,,,,-1.2141964393984284,0.668692914179247
610191,STONE,2023-2024,Good Standing,,,,0.5061480803049957,0.3351753523583043
610004,CULLEN,2023-2024,Good Standing,,,,-1.3443563154573868,0.47167018626794216
609749,NORTHSIDE PREP HS,2023-2024,Good Standing,96.0,,93.2,3.6590334318224276,2.9824470127843323
609922,BELMONT-CRAGIN,2023-2024,Good Standing,,,,0.10737525617192747,-0.6780066626112885
609745,SOUTHSIDE HS,2023-2024,Good Standing,,,3.1,-2.3594356138691457,-2.6040285473382254
610153,RYDER,2023-2024,Good Standing,,,,-0.9565338358681358,0.860481187949285
609716,KELVYN PARK HS,2023-2024,Intensive Support,73.9,,40.0,-0.801991101796115,-1.7244724793582549
610044,LOWELL,2023-2024,Good Standing,,,,-0.7233040315536403,-0.0660309967211631
609705,FENGER HS,2023-2024,Intensive Support,66.1,,35.1,-2.3475998175077804,-1.465360452108957
610017,SAUCEDO,2023-2024,Good Standing,,,,1.3729988914580866,-1.1412352322432338
610015,JUNGMAN,2023-2024,Good Standing,,,,-0.7787896628054676,-0.022008841396495785
609935,GALLISTEL,2023-2024,Good Standing,,,,0.42221706903394923,-0.7434461029390645
610256,ROBINSON,2023-2024,Provisional Support,,,,-1.5998394126369244,0.3904641671573165
609719,LAKE VIEW HS,2023-2024,Good Standing,94.3,,66.9,3.99518632784904,0.25228933367509826
610207,VANDERPOEL,2023-2024,Good Standing,,,,-1.2823526059415271,0.6544048696533256
609865,JORDAN,2023-2024,Good Standing,,,,0.028910331955098845,-0.07982476716147043
609708,FOREMAN HS,2023-2024,Intensive Support,76.1,,50.0,-0.002660327192128123,-1.0476222804138977
610173,SHERWOOD,2023-2024,Good Standing,,,,-1.2431978082597492,0.5255135131957858
609713,HYDE PARK HS,2023-2024,Provisional Support,75.0,,52.4,-0.0936657344147622,1.314768252348654
610291,LEE,2023-2024,Good Standing,,,,0.4153535869828961,-0.8207155156412915
610112,PARKER,2023-2024,Provisional Support,,,,-1.010549432377593,0.8795594353697156
610219,WASHINGTON G ES,2023-2024,Good Standing,,,,0.4000902815641439,-0.7256824170336845
610539,CAMRAS,2023-2024,Good Standing,,,,0.8693779225705281,-0.9547796517513822
609849,CASSELL,2023-2024,Good Standing,,,,-0.6023969853726617,0.04695978468326385
610109,OWEN,2023-2024,Good Standing,,,,-1.2145480038741137,0.7143077346238127
609972,HAUGAN,2023-2024,Good Standing,,,,1.833786937401415,-1.1819380189650528
610257,MORTON,2023-2024,Provisional Support,,,,-1.3120301056540702,0.42932649373389214
609827,BURNSIDE,2023-2024,Good Standing,,,,-1.1086561827603822,0.7337751494611474
610276,MOLLISON,2023-2024,Provisional Support,,,,-1.3023231953632999,0.6338674475466582
609806,BRADWELL,2023-2024,Good Standing,,,,-0.7858253338729949,0.9092143340300632
610355,COURTENAY,2023-2024,Good Standing,,,,-0.8540231919871468,0.1274844130287591
610100,WEST PARK,2023-2024,Intensive Support,,,,-0.3781597092798092,-0.317223251566342
610120,PECK,2023-2024,Good Standing,,,,0.9666908018603362,-1.076280644098702
609753,CHICAGO AGRICULTURE HS,2023-2024,Good Standing,82.7,,67.1,0.7684078583528613,1.5366690532922567
610362,EVERS,2023-2024,Good Standing,,,,-1.286849477745429,0.5337902704011368
609976,HAYT,2023-2024,Good Standing,,,,1.532335661235778,-0.07577070687768421
609725,MORGAN PARK HS,2023-2024,Good Standing,87.9,,59.8,1.1694845062503694,3.20483278234943
609867,COOPER,2023-2024,Good Standing,,,,-0.2694630408252218,-0.47780922612732796
609909,EVERETT,2023-2024,Good Standing,,,,-1.374099977125816,0.007651434906028437
609718,KENNEDY HS,2023-2024,Good Standing,80.9,,70.8,4.352364520409318,-0.9825084382787401
609792,BATEMAN,2023-2024,Good Standing,,,,1.446760499099373,-0.8365959986815488
609993,LARA,2023-2024,Good Standing,,,,-0.535724659507508,-0.3414919717459626
609908,ESMOND,2023-2024,Provisional Support,,,,-1.2572687749215092,0.6685781472969191
609839,CARROLL,2023-2024,Good Standing,,,,-0.7746947059184741,0.7633636036163263
610518,AUSTIN CCA HS,2023-2024,Intensive Support,68.0,,30.0,-2.566595489851069,-1.755090330352324
609710,HARLAN HS,2023-2024,Intensive Support,63.2,,30.6,-2.559988017255823,-1.935244966346813
610212,ALBANY PARK,2023-2024,Good Standing,,,,-0.8775994839556809,-0.18529994508669942
610131,PLAMONDON,2023-2024,Good Standing,,,,-1.4622110448858197,0.06645763746503501
610357,SPRY HS,2023-2024,Provisional Support,81.8,,66.7,-1.2016316066150805,0.8087230827215828
610165,SCHUBERT,2023-2024,Provisional Support,,,,0.16344100796713198,-0.7092347816198956
400068,PLATO,2023-2024,Provisional Support,,,,-1.4246921782240185,0.5443149513591018
610295,HIGGINS,2023-2024,Good Standing,,,,-1.0933597108346762,0.6483767982959133
610103,OKEEFFE,2023-2024,Intensive Support,,,,-0.7348638567863672,1.089955031626845
609924,FORT DEARBORN,2023-2024,Good Standing,,,,-1.0808420358868183,0.7695786620383764
609676,DUNBAR HS,2023-2024,Intensive Support,76.3,,38.9,-1.57220980738985,-0.32327584256630104
609981,HEARST,2023-2024,Good Standing,,,,-0.7809650420570706,0.004077368571906612
610177,SKINNER,2023-2024,Good Standing,,,,1.7642520937661055,0.6848841661694349
610143,REAVIS,2023-2024,Good Standing,,,,-1.194314919861435,0.7183453644130334
610167,SEWARD,2023-2024,Good Standing,,,,-0.21695808303079978,-0.5281116892111473
610155,SAUGANASH,2023-2024,Good Standing,,,,0.618876830633042,0.0008597506120924534
610147,ROGERS,2023-2024,Good Standing,,,,0.9038455094023949,0.04529316006119448
609939,GILLESPIE,2023-2024,Provisional Support,,,,-1.055972940942557,0.8558896214281989
610047,MADISON,2023-2024,Provisional Support,,,,-1.3362017409989022,0.5684080623827582
610216,WALSH,2023-2024,Good Standing,,,,-0.9203303002612849,-0.020675062017303042
610529,OGDEN HS,2023-2024,Good Standing,98.3,,81.5,1.0503204447636783,2.918565537837555
609829,BURROUGHS,2023-2024,Good Standing,,,,-0.5700943570701446,-0.3290845740854597
610590,BRONZEVILLE CLASSICAL,2023-2024,Good Standing,,,,-0.9498273695300857,0.8884833820126403
610048,MANIERRE,2023-2024,Intensive Support,,,,-1.1824592149991933,0.6291535698958237
610396,TARKINGTON,2023-2024,Good Standing,,,,1.2349389948842666,-0.727312441776693
609788,BARNARD,2023-2024,Good Standing,,,,-1.2101958365319228,0.6089832385363219
610542,WEST RIDGE,2023-2024,Good Standing,,,,0.9619736151412559,0.0662145142245553
610559,SHIELDS MIDDLE,2023-2024,Good Standing,,,,-0.2989665272438652,-0.48254908168799865
609720,LANE TECH HS,2023-2024,Good Standing,96.9,,89.5,14.939519306445614,1.2107322152917028
609873,CROWN,2023-2024,Provisional Support,,,,-1.5678774482807964,0.34202813197093707
610342,SABIN,2023-2024,Provisional Support,,,,-0.7412809815176494,-0.09662696800520178
610073,MITCHELL,2023-2024,Good Standing,,,,-0.4982184437393295,-0.002906586402654926
610172,SHERMAN,2023-2024,Good Standing,,,,-1.2084734911134516,0.4151040949972786
609907,ERICSON,2023-2024,Good Standing,,,,-1.0333601397471304,0.7987853604708437
609723,MARSHALL HS,2023-2024,Intensive Support,63.2,,38.6,-2.3900477200347328,-1.5287318664088896
610274,JOHNSON,2023-2024,Provisional Support,,,,-1.3362710209060393,0.5595070291374534
610098,NOBEL,2023-2024,Good Standing,,,,0.3643289802859967,-0.5713414760453639
609983,HEDGES,2023-2024,Provisional Support,,,,-0.0932854896051504,-0.6108595851057215
400091,CHICAGO TECH HS,2023-2024,Provisional Support,94.7,,31.1,-1.2391787598204695,0.2478793938943264
610385,MULTICULTURAL ARTS HS,2023-2024,Good Standing,55.3,,42.9,-1.8388372868777976,-2.36795937464175
609715,KELLY HS,2023-2024,Good Standing,72.8,,55.5,5.060535910731965,-2.6975147013324356
610287,ASHBURN,2023-2024,Good Standing,,,,-0.9312587300166812,0.5858422036470773
609729,SCHURZ HS,2023-2024,Intensive Support,79.9,,55.7,2.53302149770885,-1.3947339893345199
609800,BENNETT,2023-2024,Provisional Support,,,,-1.2648839532053349,0.7237559757714944
610039,VON LINNE,2023-2024,Good Standing,,,,0.4471677324118707,-0.5954101850484315
609964,HAMLINE,2023-2024,Provisional Support,,,,0.218402208105748,-0.6540939671324331
610197,TALCOTT,2023-2024,Good Standing,,,,-0.1447552237757716,-0.45672321031844176
609779,ARMSTRONG G,2023-2024,Good Standing,,,,3.061411361289856,0.17410452702912702
609862,COLES,2023-2024,Provisional Support,,,,-1.2531245966506983,0.6405130421981698
610513,AIR FORCE HS,2023-2024,Good Standing,82.0,,50.0,-1.5255191290355816,-0.0032390094984091292
609856,CLAY,2023-2024,Good Standing,,,,0.1828220140448179,-0.26519584388909406
610005,HUGHES C,2023-2024,Good Standing,,,,-1.3920985163928081,0.3839605506490777
610389,ORR HS,2023-2024,Intensive Support,49.3,,28.6,-2.8708688524940835,-3.0892035681582537
609949,GRAY,2023-2024,Good Standing,,,,1.8814456056897257,-1.2321585964482136
610548,STEM,2023-2024,Good Standing,,,,-0.3343200595071746,0.4228366157997898
609897,EARLE,2023-2024,Provisional Support,,,,-1.1664092545521778,0.5390384416361426
610254,DVORAK,2023-2024,Good Standing,,,,-1.055807763258777,0.5950334195091249
609975,HAY,2023-2024,Intensive Support,,,,-1.2077879403845277,0.4575404848528615
609870,CORKERY,2023-2024,Good Standing,,,,-0.3124376088902495,-0.32458899645176975
610194,SUMNER,2023-2024,Good Standing,,,,-1.2927361247540952,0.5566390814271049
609833,DAISY BATES,2023-2024,Good Standing,,,,-1.2537837257193172,0.5776344185532288
609692,SIMEON HS,2023-2024,Provisional Support,86.4,,48.3,0.6320953499150922,2.3429105765602554
610022,KILMER,2023-2024,Good Standing,,,,0.9858727996031229,-0.010259295759381632
610036,LEWIS,2023-2024,Good Standing,,,,-0.5336559190284575,0.2735577410437379
609803,BLAINE,2023-2024,Good Standing,,,,0.2490008700287208,0.020302471428213887
610002,HOYNE,2023-2024,Good Standing,,,,-1.2434620529313958,0.654342012570762
610077,MORRILL,2023-2024,Provisional Support,,,,-0.18292952171028357,-0.14207418886535056
610081,SHERIDAN,2023-2024,Good Standing,,,,0.6757723995604661,0.18693970705242208
610230,WILDWOOD,2023-2024,Good Standing,,,,-0.14050448997264592,0.0296117423281816
609722,MANLEY HS,2023-2024,Intensive Support,53.6,,23.5,-3.319161630403191,-3.1409969123401136
610060,CHICAGO WORLD LANGUAGE ACADEMY,2023-2024,Good Standing,,,,-0.36126205185215043,0.3199677691768047
610201,THORP O,2023-2024,Good Standing,,,,0.9054745114080278,-0.4631580437090684
609760,CARVER MILITARY HS,2023-2024,Good Standing,95.0,,50.8,-0.2425857954945435,0.7001717922234671
610515,DISNEY II ES,2023-2024,Good Standing,,,,-0.34937018342844656,-0.0570027971625042
609973,ZAPATA,2023-2024,Good Standing,,,,0.16533250866600857,-0.7344237296106267
609682,RICHARDS HS,2023-2024,Intensive Support,63.5,,40.0,-1.8788319868207493,-1.8433046784877731
610124,WASHINGTON H ES,2023-2024,Intensive Support,,,,-1.3060170634956179,0.5801876491551042
610339,STAGG,2023-2024,Good Standing,,,,-0.8645413240059531,0.8554795844281599
610010,JAHN,2023-2024,Provisional Support,,,,-0.866660298874102,0.044732138011706044
610196,SWIFT,2023-2024,Good Standing,,,,0.4665838828172385,0.10607640032092193
610380,WILLIAMS HS,2023-2024,Provisional Support,89.8,,75.0,-0.7926819449259708,2.0335196713929293
609844,CARTER,2023-2024,Good Standing,,,,-1.1142245379650502,0.6938282604226336
610504,THOMAS,2023-2024,Good Standing,,,,-1.3082433248951715,-0.006140650354380403
610279,TANNER,2023-2024,Provisional Support,,,,-1.2475423234848448,0.66059122727606
609912,FARNSWORTH,2023-2024,Good Standing,,,,0.2211335078085468,-0.19615090988441275
610524,ALCOTT HS,2023-2024,Good Standing,88.6,,76.4,0.41066494066574066,1.5693859758637463
609863,COLUMBUS,2023-2024,Good Standing,,,,-0.6829683666830747,0.03603793068831082
609943,OWENS,2023-2024,Intensive Support,,,,-1.07687827108601,0.7595893015861953
609748,YORK HS,2023-2024,Good Standing,,,,-1.3500528622447898,0.38171132283683545
610299,KING ES,2023-2024,Good Standing,,,,-1.179507814061512,0.5262432219338536
609874,DIRKSEN,2023-2024,Good Standing,,,,3.331023572669676,-0.07668988859293559
609810,BRIDGE,2023-2024,Good Standing,,,,2.1537306440902277,-0.8781976374678786
610329,OROZCO,2023-2024,Good Standing,,,,-0.7908166763760326,-0.2882029000981339
609780,MARINE LEADERSHIP AT AMES HS,2023-2024,Good Standing,94.5,,61.0,1.2285383493655642,0.2802358456408835
610589,SOR JUANA,2023-2024,Good Standing,,,,-0.19091545596970266,-0.5107479636723219
610054,MARSH,2023-2024,Good Standing,,,,0.3753418523550496,-0.603575122012346
609978,SMITH,2023-2024,Good Standing,,,,-0.9102244485212316,0.85895028114948
609746,KENWOOD HS,2023-2024,Good Standing,96.9,,67.0,3.9269500354964166,5.915927907532065
610565,EXCEL ENGLEWOOD HS,2023-2024,Good Standing,36.8,,11.0,-3.709679607371591,-4.630872152229341
610340,CHICAGO ACADEMY HS,2023-2024,Good Standing,93.9,,64.4,0.9787846286584754,0.7715854722181864
609941,RANDOLPH,2023-2024,Provisional Support,,,,-1.0907568564339296,0.5996202625642552
609917,FERNWOOD,2023-2024,Good Standing,,,,-1.1656779713441512,0.6431704853640948
609812,BROWN W,2023-2024,Provisional Support,,,,-1.1670116943470124,0.6842906394624102
609808,HALEY,2023-2024,Good Standing,,,,-0.6818237783895834,0.9712546581906967
610092,NASH,2023-2024,Intensive Support,,,,-1.2154992992563964,0.4688879898879156
610074,MONROE,2023-2024,Good Standing,,,,0.5749639655927286,-0.8347194143850131
610334,RABY HS,2023-2024,Intensive Support,73.8,,55.8,-1.6031488096187636,0.020840563035728187
609928,FULLER,2023-2024,Good Standing,,,,-1.0495166707296362,0.7172142786451683
610003,CUFFE,2023-2024,Good Standing,,,,-1.218061281059526,0.6432885642271016
609774,ALCOTT ES,2023-2024,Good Standing,,,,0.11309986265245381,0.1201137469244808
610065,TILL,2023-2024,Good Standing,,,,-1.0029791564646986,0.8030490652503197
610250,SALAZAR,2023-2024,Good Standing,,,,-0.5540356880025549,-0.2157443347788202
610234,YATES,2023-2024,Intensive Support,,,,-0.8437138996037188,-0.10812496661734312
610533,PRIETO,2023-2024,Good Standing,,,,1.0120654325667242,-1.03349827370466
610195,SUTHERLAND,2023-2024,Good Standing,,,,-0.25347153404098066,0.8583696986685411
610094,NETTELHORST,2023-2024,Good Standing,,,,0.32405498031446467,0.11928242291400405
609900,CURTIS,2023-2024,Intensive Support,,,,-1.0847995955862006,0.7358552850342973
609851,CHALMERS,2023-2024,Intensive Support,,,,-1.3069318108222596,0.5531164987301835
609809,BRENTANO,2023-2024,Good Standing,,,,0.6180069349597018,-0.3722328579489041
610544,AZUELA,2023-2024,Good Standing,,,,0.7374729055912528,-0.9900898049679184
610252,DETT,2023-2024,Intensive Support,,,,-1.1933627297638605,0.6022056985059081
609728,ROOSEVELT HS,2023-2024,Good Standing,78.0,,57.4,2.36213614119743,-1.1645115302172309
610242,BRENNEMANN,2023-2024,Good Standing,,,,-0.3820129331966235,0.31546114620644333
610368,HUGHES L,2023-2024,Intensive Support,,,,-0.89138818760898,0.9537617271051647
610016,KELLOGG,2023-2024,Good Standing,,,,-1.1638051036186092,0.6779375149986275
609789,BARRY,2023-2024,Good Standing,,,,-0.0661014077262892,-0.5560557941665314
610209,VOLTA,2023-2024,Good Standing,,,,1.3429801853855758,-0.5777829578445929
610083,BEARD,2023-2024,Good Standing,,,,-0.6107295639761782,-0.025680250339048038
609852,CHAPPELL,2023-2024,Good Standing,,,,0.14012068527514776,-0.14584245154713987
609783,JEFFERSON HS,2023-2024,Good Standing,1.3,,,-3.192713162003974,-4.401256360544928
610158,SAYRE,2023-2024,Good Standing,,,,-0.6236305183673387,0.14792272806783177
609995,HITCH,2023-2024,Good Standing,,,,-0.007186493205972144,-0.238075847678017
609930,FUNSTON,2023-2024,Good Standing,,,,-0.2161959274981996,-0.4724148985515388
610563,BACK OF THE YARDS HS,2023-2024,Good Standing,96.7,,79.7,3.31932623971887,0.8620203744993397
610152,RUGGLES,2023-2024,Provisional Support,,,,-1.0926087804202727,0.8004404307405665
610082,MOUNT GREENWOOD,2023-2024,Good Standing,,,,2.039155756883125,-0.07888652653690122
610096,NIGHTINGALE,2023-2024,Good Standing,,,,1.7721225182152538,-1.4496314578695966
609990,SOUTH LOOP,2023-2024,Good Standing,,,,0.5552705376230397,0.6611712766624959
610381,BRONZEVILLE HS,2023-2024,Intensive Support,80.8,,35.7,-2.2090569916926217,-0.7744318593807639
610304,PHOENIX MILITARY HS,2023-2024,Good Standing,91.9,,59.6,0.17270786479943268,0.5966953549198182
609996,HOLDEN,2023-2024,Good Standing,,,,-0.17392229874235293,-0.14573371961042647
610040,LLOYD,2023-2024,Good Standing,,,,1.1641355697124642,-1.1570446312870202
610225,WHISTLER,2023-2024,Good Standing,,,,-1.1618383691526808,0.6331106191652516
610386,PEACE AND EDUCATION HS,2023-2024,Good Standing,,,21.6,-2.3538247447434073,-1.89638699318644
609769,GRAHAM HS,2023-2024,Good Standing,,,,-0.869494954694938,0.08659259348907396
610244,CLARK HS,2023-2024,Provisional Support,82.9,,38.0,-1.4148512168969172,0.12297272727680889
610200,THORP J,2023-2024,Good Standing,,,,-0.9298939877290089,0.5700987372434365
609793,NICHOLSON,2023-2024,Provisional Support,,,,-0.8097938915436387,0.9679210166404703
609815,BOUCHET,2023-2024,Good Standing,,,,-0.26968677946740593,1.392716019592879
609884,DEVER,2023-2024,Good Standing,,,,0.8261143948089615,-0.5800669405950595
610588,RICHARDSON,2023-2024,Good Standing,,,,1.5036919430370235,-1.2931570108406072
609919,FISKE,2023-2024,Good Standing,,,,-0.9356706072595518,0.9053082881168102
609944,GRISSOM,2023-2024,Good Standing,,,,-0.7535420517254288,-0.16109325644654596
609691,NORTH-GRAND HS,2023-2024,Good Standing,86.0,,55.8,2.129226337346928,-0.5390468756040648
609891,DOOLITTLE,2023-2024,Intensive Support,,,,-1.2617891188025891,0.6899179464031138
609739,WASHINGTON HS,2023-2024,Good Standing,81.0,,58.7,3.7684790663917456,-1.6472341427094401
610561,CRANE MEDICAL HS,2023-2024,Good Standing,86.1,,75.5,-0.2702020256286304,2.089252915145665
609796,BEAUBIEN,2023-2024,Good Standing,,,,1.9394119964769432,-0.36037365948201366
610215,MADERO,2023-2024,Good Standing,,,,-0.8014374338452247,-0.28817439646780935
610271,JENSEN,2023-2024,Good Standing,,,,-1.142739097083102,0.661969581299678
609988,HENRY,2023-2024,Good Standing,,,,-0.16436053989597388,-0.4646693097250958
610091,BROWN R,2023-2024,Good Standing,,,,-1.1005264792646337,0.7416480249627581
609864,COOK,2023-2024,Provisional Support,,,,-1.2324940189863214,0.7084074891671185
610041,LOCKE J,2023-2024,Good Standing,,,,2.3591775030826407,-1.3959445606818406
609954,GREGORY,2023-2024,Good Standing,,,,-1.1879763408114998,0.6005860749079973
610532,HERNANDEZ,2023-2024,Good Standing,,,,1.1156195002790896,-1.1168005695259413
610218,WARREN,2023-2024,Good Standing,,,,-1.1166085164164914,0.7264303184211353
610116,PARKSIDE,2023-2024,Provisional Support,,,,-1.290887886217411,0.6651188709615553
609895,TURNER-DREW,2023-2024,Good Standing,,,,-1.3143950863385243,0.5419816133079268
610104,ONAHAN,2023-2024,Good Standing,,,,0.4536672791557304,-0.1846337264598398
609850,GREELEY,2023-2024,Good Standing,,,,-0.42107044781749076,-0.14101975309280718
610076,MOOS,2023-2024,Good Standing,,,,-0.21256877326605966,-0.26062097504833315
609950,ORTIZ DE DOMINGUEZ,2023-2024,Good Standing,,,,-0.35264461722211304,-0.5047997855038248
610011,JAMIESON,2023-2024,Good Standing,,,,1.5732683627435458,-0.16346260733150522
610137,PRUSSING,2023-2024,Good Standing,,,,0.7777835121155712,-0.42700485727678217
610392,WORLD LANGUAGE HS,2023-2024,Good Standing,86.3,,79.1,0.3902652621453715,1.3332010901975344
610594,PATHWAYS - HUMBOLDT PARK HS,2023-2024,Good Standing,,,10.0,-2.6728485245650435,-2.521437982390891
610139,PULLMAN,2023-2024,Provisional Support,,,,-1.1354111379960254,0.6249274546499352
610110,WELLS ES,2023-2024,Good Standing,,,,-1.0381281248126888,0.790114232247284
609762,JULIAN HS,2023-2024,Intensive Support,80.7,,42.6,-1.1910806624685217,0.3576185947702675
610239,DALEY,2023-2024,Good Standing,,,,0.07337640090256248,-0.5130939121924646
610053,MARQUETTE,2023-2024,Good Standing,,,,1.531941465991256,-0.3395639099368196
610146,REVERE,2023-2024,Provisional Support,,,,-1.442160453001461,0.574275999735565
610056,MASON,2023-2024,Provisional Support,,,,-1.2579180111094113,0.6373641385487638
610198,TAYLOR,2023-2024,Provisional Support,,,,-0.6738473597563053,-0.21002378442182829
609885,DEWEY,2023-2024,Good Standing,,,,-1.1242391487918804,0.5901337768582751
609853,CHASE,2023-2024,Good Standing,,,,-0.47430057624871885,-0.20117355784345692
609798,BELDING,2023-2024,Good Standing,,,,0.20283450642472434,-0.16701956895796846
610121,IRVING,2023-2024,Good Standing,,,,-1.0687247850815702,0.558991616007094
609866,COONLEY,2023-2024,Good Standing,,,,0.7309525764825391,-0.021200899706263123
609772,ADDAMS,2023-2024,Good Standing,,,,0.12300141816968158,-0.6572731076900199
609773,TUBMAN,2023-2024,Good Standing,,,,-0.9125183252433907,0.13139494515940323
609848,ALDRIDGE,2023-2024,Intensive Support,,,,-1.2972318020852887,0.503031828333345
609966,HAMMOND,2023-2024,Good Standing,,,,-0.9350591045588398,-0.15214146958512625
609732,STEINMETZ HS,2023-2024,Provisional Support,79.5,,53.0,2.151100131324598,-1.1466267582657315
609925,KELLMAN,2023-2024,Intensive Support,,,,-1.410042098032747,0.527687883643319
609902,METCALFE,2023-2024,Provisional Support,,,,-1.121125376118556,0.7571724261589704
610136,PRESCOTT,2023-2024,Good Standing,,,,-0.3828176839729982,0.08020364498630149
609901,EDGEBROOK,2023-2024,Good Standing,,,,-0.1262459615336181,0.007776394840212086
610237,BEETHOVEN,2023-2024,Intensive Support,,,,-1.1066487983089899,0.6666928433414603
610313,DE DIEGO,2023-2024,Provisional Support,,,,-0.1884477828597321,-0.23595102185546366
609967,FINKL,2023-2024,Provisional Support,,,,-1.1033612341465988,-0.05701883708747538
609859,CLINTON,2023-2024,Good Standing,,,,3.044399691372547,0.026959953905975494
610251,CATHER,2023-2024,Good Standing,,,,-0.9731493070888952,0.759295980783566
610108,OTOOLE,2023-2024,Good Standing,,,,-0.9949919721814717,0.4068806078518258
609969,HARTE,2023-2024,Good Standing,,,,-0.978691568581618,0.6986811217081393
609790,BARTON,2023-2024,Provisional Support,,,,-0.8723911454226942,0.807702246432802
610126,PERSHING,2023-2024,Good Standing,,,,-0.8592528376888154,0.9437316479660097
609887,DIXON,2023-2024,Good Standing,,,,-0.7299352807238404,1.1127255210837723
610354,NORTH RIVER,2023-2024,Good Standing,,,,-0.7682229719818996,-0.22723232697735163
610391,LINDBLOM HS,2023-2024,Good Standing,93.0,,84.5,2.5602147607759127,4.104346265433956
610305,LELAND,2023-2024,Intensive Support,,,,-1.1970715528582718,0.6954061011456364
610144,REILLY,2023-2024,Good Standing,,,,0.11589993555995265,-0.6448726687756043
610089,MURPHY,2023-2024,Good Standing,,,,-0.07460685004863526,-0.29998121028044594
610353,CALMECA,2023-2024,Good Standing,,,,0.5336852018023128,-0.8693274737062123
609761,CORLISS HS,2023-2024,Intensive Support,62.3,,45.1,-1.958543497099241,-1.0184092303810415
610030,KOZMINSKI,2023-2024,Provisional Support,,,,-1.2079331065750656,0.5951064161468465
610383,SOCIAL JUSTICE HS,2023-2024,Good Standing,85.5,,49.1,-0.7606345114628424,-0.20545547582098572
609991,HERZL,2023-2024,Good Standing,,,,-0.7564873027153965,0.9405659882899672
610231,NATIONAL TEACHERS,2023-2024,Good Standing,,,,0.07239667966093725,1.3027282507851508
609741,HUBBARD HS,2023-2024,Good Standing,80.9,,60.0,4.7490718855821825,-2.1920744221586648
609845,CARVER G,2023-2024,Intensive Support,,,,-0.8014143093363308,1.109804833390178
610293,MELODY,2023-2024,Good Standing,,,,-0.9912421915436131,0.6966750635679142
610206,TWAIN,2023-2024,Good Standing,,,,1.380413882892265,-1.1483447935488849
610384,INFINITY HS,2023-2024,Good Standing,92.9,,56.3,0.20907627373513799,0.28220079187178065
609903,EDWARDS,2023-2024,Good Standing,,,,2.612122093716749,-1.7688255036699039
609695,AMUNDSEN HS,2023-2024,Good Standing,86.6,,68.0,4.026041494614609,0.4736768964374463
610366,WACKER,2023-2024,Good Standing,,,,-1.267576852851965,0.5900698746817254
610229,PRITZKER,2023-2024,Good Standing,,,,0.16549271173276425,0.19882568904644418
609959,HAINES,2023-2024,Good Standing,,,,0.9437535639074308,0.3074177946689136
609842,CARSON,2023-2024,Good Standing,,,,0.9958405062304418,-1.0512613868749396
610019,KERSHAW,2023-2024,Good Standing,,,,-1.265022931736061,0.5654677484714975
610059,MAYER,2023-2024,Good Standing,,,,0.4388788914306146,0.17794366925313643
400022,CHIARTS HS,2023-2024,Good Standing,86.3,,73.4,0.7622343407431146,1.6041996762025408
609724,MATHER HS,2023-2024,Good Standing,83.8,,72.5,5.631952337180732,0.40401294639845475
610159,SCAMMON,2023-2024,Good Standing,,,,0.6258855597719923,-0.7769632503084387
610220,WATERS,2023-2024,Good Standing,,,,0.387958400421949,-0.0833979076398204
610066,MCDADE,2023-2024,Good Standing,,,,-1.3471530259907072,0.5844744011845061
609754,CHICAGO MILITARY HS,2023-2024,Good Standing,89.2,,50.6,-1.0788395506284676,0.5538300167251549
609726,BROOKS HS,2023-2024,Good Standing,89.6,,80.4,1.473612963240321,3.5627542256000235
400147,CHICAGO EXCEL HS,2023-2024,Good Standing,33.3,,16.4,-3.5949200104020598,-4.487287690655893
609985,HEFFERAN,2023-2024,Provisional Support,,,,-1.4198931421408787,0.497077257785125
609871,VICK,2023-2024,Good Standing,,,,-0.5729479688404742,0.09462623137600228
610090,MURRAY,2023-2024,Good Standing,,,,-0.7860881529391537,1.0174768360796922
609820,BURLEY,2023-2024,Good Standing,,,,-0.05791653751601249,0.05992082134694526
609813,BROWNELL,2023-2024,Good Standing,,,,-1.4564364944091817,0.4004963006717564
609735,TILDEN HS,2023-2024,Intensive Support,59.3,,40.5,-2.1236979285351083,-1.9672526757145474
609942,GOETHE,2023-2024,Good Standing,,,,0.5952978586762349,-0.5126792203614202
400175,EXCEL SOUTH SHORE HS,2023-2024,Provisional Support,41.2,,8.7,-3.8817980231850973,-4.607695193738757
610317,BRIGHTON PARK,2023-2024,Good Standing,,,,-0.6840536285843395,-0.3129032236152658
609799,BELL,2023-2024,Good Standing,,,,1.060795544471964,-0.031073827386018656
609727,PHILLIPS HS,2023-2024,Intensive Support,74.9,,57.8,-0.9845259550842049,0.7046430287716401
610520,LASALLE II,2023-2024,Good Standing,,,,-0.03345515682603594,0.026999634047242583
609821,BURNHAM,2023-2024,Provisional Support,,,,-0.8773217591327768,0.9937342625145027
610248,CHICAGO ACADEMY ES,2023-2024,Good Standing,,,,0.18244297519354047,-0.51817774218719
610499,COLLINS HS,2023-2024,Intensive Support,60.7,,63.4,-1.50117233289123,-0.16364527574642657
